Время (с),Координата X (м),Координата Y (м),Координата Z (м)
345600.0,16089203.90580982,2782138.2867227397,20956449.313024834
345600.0,16089203.90580982,2782138.2867227397,20956449.313024834
345660.0,16129353.785083216,2936454.8193518226,20904467.85151366
345720.0,16169926.361838749,3090249.699941148,20850886.564131916
345780.0,16210914.6871864,3243510.4357611528,20795709.54929765
345840.0,16252311.679360496,3396224.626063063,20738941.027440082
345900.0,16294110.124938872,3548379.9639450517,20680585.340678792
345960.0,16336302.680085603,3699964.238203069,20620646.95249367
346020.0,16378881.871817531,3850965.335164317,20559130.447385654
346080.0,16421840.099294063,4001371.240505077,20496040.53052824
346140.0,16465169.63513024,4151170.04105038,20431382.02740989
346200.0,16508862.62673273,4300349.926557207,20365159.883467183
346260.0,16552911.097658422,4448899.191479784,20297379.16370896
346320.0,16597306.948995762,4596806.2367164865,20228045.052331284
346380.0,16642041.960768042,4744059.571339464,20157162.85232339
346440.0,16687107.793358987,4890647.814304593,20084737.98506459
346500.0,16732495.988959815,5036559.696143702,20010775.98991212
346560.0,16778197.973038122,5181784.060636808,19935282.5237801
346620.0,16824205.05582781,5326309.866465496,19858263.36070947
346680.0,16870508.433840033,5470126.188846685,19779724.391429033
346740.0,16917099.191395074,5613222.221145833,19699671.622907646
346800.0,16963968.30217448,5755587.276470863,19618111.17789749
346860.0,17011106.630793653,5897210.789244557,19535049.294468626
346920.0,17058504.934394106,6038082.316757346,19450492.32553462
346980.0,17106153.864255767,6178191.5406979425,19364446.7383696
347040.0,17154043.96742824,6317528.268663693,19276919.114116453
347100.0,17202165.688381672,6456082.43564871,19187916.147286348
347160.0,17250509.37067599,6593844.105510729,19097444.64524978
347220.0,17299065.258649062,6730803.472415491,19005511.527718782
347280.0,17347823.49912296,6866950.862259188,18912123.826220747
347340.0,17396774.14312804,7002276.734068463,18817288.683563653
347400.0,17445907.1476451,7136771.681377267,18721013.35329273
347460.0,17495212.377364427,7270426.433581281,18623305.199138846
347520.0,17544679.606462352,7403231.857268468,18524171.69445835
347580.0,17594298.520394176,7535178.957527121,18423620.42166456
347640.0,17644058.717703935,7666258.879229258,18321659.07165096
347700.0,17693949.711850025,7796462.908290812,18218295.443206158
347760.0,17743960.933046654,7925782.472907795,18113537.442420457
347820.0,17794081.730121173,8054209.1447675275,18007393.082084395
347880.0,17844301.37238603,8181734.640236317,17899870.48107901
347940.0,17894609.051526193,8308350.821521412,17790977.863758083
348000.0,17944993.883500576,8434049.697809258,17680723.559322197
348060.0,17995444.910458196,8558823.426377345,17569116.001185007
348120.0,18045951.102667715,8682664.313682148,17456163.72633123
348180.0,18096501.360461067,8805564.816420473,17341875.374666974
348240.0,18147084.516189776,8927517.542566098,17226259.68836207
348300.0,18197689.336194642,9048515.252379868,17109325.511184588
348360.0,18248304.522787694,9168550.859394256,16991081.787827615
348420.0,18298918.716246292,9287617.431372004,16871537.563228253
348480.0,18349520.496819492,9405708.191237725,16750701.981878968
348540.0,18400098.38674534,9522816.517983917,16628584.287131311
348600.0,18450640.852279983,9638935.947549604,16505193.820492098
348660.0,18501136.305736974,9754060.17367309,16380540.020911926
348720.0,18551573.107537568,9868183.048716765,16254632.424066488
348780.0,18601939.56827089,9981298.584465856,16127480.66163016
348840.0,18652223.95076371,10093400.952899667,15999094.460542466
348900.0,18702414.4721601,10204484.486935157,15869483.642267061
348960.0,18752499.30600955,10314543.681143854,15738658.122043626
349020.0,18802466.584364343,10423573.192440353,15606627.908132426
349080.0,18852304.399884716,10531567.840744207,15473403.10105178
349140.0,18902000.807952486,10638522.60961287,15338993.89280848
349200.0,18951543.828791834,10744432.646848053,15203410.566121096
349260.0,19000921.449597716,10849293.265072828,15066663.493636424
349320.0,19050121.626670707,10953099.942281924,14928763.137138909
349380.0,19099132.287558816,11055848.32236274,14789720.046753291
349440.0,19147941.333205104,11157534.215588912,14649544.860140424
349500.0,19196536.640101004,11258153.599085456,14508248.301686397
349560.0,19244906.062445447,11357702.6172649,14365841.18168493
349620.0,19293037.434308387,11456177.582235975,14222334.395513184
349680.0,19340918.571799666,11553574.974182658,14077738.922801055
349740.0,19388537.27524139,11649891.44171571,13932065.826593917
349800.0,19435881.331344884,11745123.802194595,13785326.25250896
349860.0,19482938.515390735,11839269.042021303,13637531.42788525
349920.0,19529696.593411945,11932324.316905437,13488692.660927344
349980.0,19576143.324380305,12024286.952099964,13338821.339842757
350040.0,19622266.462394446,12115154.442608928,13187928.931973279
350100.0,19668053.758870654,12204924.45336534,13036026.98292016
350160.0,19713492.964734558,12293594.819381388,12883127.115663193
350220.0,19758571.832614806,12381163.545868281,12729241.029674033
350280.0,19803278.11903684,12467628.808328822,12574380.500023223
350340.0,19847599.58661795,12552988.952619273,12418557.376481894
350400.0,19891524.006261654,12637242.494984021,12261783.582617208
350460.0,19935039.15935251,12720388.122059684,12104071.114882518
350520.0,19978132.83994978,12802424.69085148,11945432.041701462
350580.0,20020792.85698013,12883351.228680216,11785878.502546944
350640.0,20063007.036429342,12963166.933099944,11625422.707014285
350700.0,20104763.223531503,13041871.171787702,11464076.93388901
350760.0,20146049.284956846,13119463.482403032,11301853.530209525
350820.0,20186853.11099621,13195943.572420068,11138764.91032414
350880.0,20227162.61774335,13271311.31892957,10974823.554943144
350940.0,20266965.74927343,13345566.768412858,10810042.01018568
351000.0,20306250.479817815,13418710.13648713,10644432.886621406
351060.0,20345004.815935347,13490741.807621144,10478008.858307501
351120.0,20383216.798678383,13561662.334823593,10310782.661820285
351180.0,20420874.505754862,13631472.439301485,10142767.09528246
351240.0,20457966.053684358,13700173.010091381,9973975.017385146
351300.0,20494479.599949375,13767765.103660798,9804419.34640568
351360.0,20530403.345140092,13834249.943482272,9634113.059220267
351420.0,20565725.53509299,13899628.919578817,9463069.190312495
351480.0,20600434.46302295,13963903.588040836,9291300.830777254
351540.0,20634518.471648254,14027075.670515068,9118821.127320131
351600.0,20667965.95530804,14089147.053665614,8945643.281252623
351660.0,20700765.36207191,14150119.788607134,8771780.547483081
351720.0,20732905.19584189,14209996.090309378,8597246.233503485
351780.0,20764374.018445075,14268778.336975291,8422053.69837198
351840.0,20795160.45171828,14326469.0693899,8246216.351691718
351900.0,20825253.179582622,14383070.990243327,8069747.652585378
351960.0,20854640.950109217,14438586.96342489,7892661.108666128
352020.0,20883312.57757448,14493020.013290849,7714970.275004684
352080.0,20911256.94450505,14546373.323905002,7536688.753092655
352140.0,20938463.003712617,14598650.2382515,7357830.189802262
352200.0,20964919.780316923,14649854.2574217,7178408.2763427505
352260.0,20990616.37375819,14699989.039773542,6998436.747212812
352320.0,21015541.959797025,14749058.400065094,6817929.379150151
352380.0,21039685.792503096,14797066.308560655,6636899.990077628
352440.0,21063037.206230707,14844016.890111566,6455362.43804582
352500.0,21085585.617581822,14889914.423210429,6273330.620173009
352560.0,21107320.52735611,14934763.339019414,6090818.471581669
352620.0,21128231.522487625,14978568.220372546,5907839.964332276
352680.0,21148308.27796738,15021333.80075295,5724409.106353869
352740.0,21167540.55875182,15063064.963244455,5540539.940372189
352800.0,21185918.22165746,15103766.73945736,5356246.542834893
352860.0,21203431.2172398,15143444.308430318,5171543.022834105
352920.0,21220069.591658074,15182102.99550603,4986443.521026414
352980.0,21235823.488523755,15219748.271183547,4800962.208550544
353040.0,21250683.150733955,15256385.749945076,4615113.2859422555
353100.0,21264638.92228847,15292021.189058999,4428910.982047484
353160.0,21277681.2500902,15326660.487359174,4242369.552932737
353220.0,21289800.685729552,15360309.683999483,4055503.2807935537
353280.0,21300987.887250975,15392974.957185864,3868326.472861018
353340.0,21311233.62090302,15424662.622883862,3680853.4603060195
353400.0,21320528.762870014,15455379.1335041,3493098.597141921
353460.0,21328864.300986484,15485131.07656376,3305076.2591251936
353520.0,21336231.336432904,15513925.173326135,3116800.842654377
353580.0,21342621.085412946,15541768.277417516,2928286.7636675285
353640.0,21348024.88081214,15568667.37342176,2739548.456537856
353700.0,21352434.17383745,15594629.575452661,2550600.3729681945
353760.0,21355840.535637252,15619662.125704994,2361456.9808839844
353820.0,21358235.658901498,15643772.392984286,2172132.763324676
353880.0,21359611.3594426,15666967.871214349,1982642.2173344325
353940.0,21359959.577755194,15689256.17792525,1792999.8528512828
354000.0,21359272.380556293,15710645.052719198,1603220.1915954351
354060.0,21357541.962303795,15731142.355717335,1413317.7659565867
354120.0,21354760.646694813,15750756.065985164,1223307.1178803816
354180.0,21350920.888142094,15769494.279938933,1033202.7977540389
354240.0,21346015.27322894,15787365.209732305,843019.3632913727
354300.0,21340036.522142846,15804377.18162314,652771.37841705
354360.0,21332977.49008629,15820538.634322125,462473.4121506122
354420.0,21324831.168666005,15835858.117321774,272140.0374896091
354480.0,21315590.68725895,15850344.28920781,81785.83029294114
354540.0,21305249.314356223,15864005.915951643,-108574.63183660083
354600.0,21293800.458883416,15876851.869185463,-298926.7706695978
354660.0,21281237.671497777,15888891.1244598,-489256.00846751797
354720.0,21267554.64586216,15900132.759483578,-679547.7691001891
354780.0,21252745.21989517,15910585.952347154,-869787.4791632352
354840.0,21236803.376997236,15920259.979729036,-1059960.5690952763
354900.0,21219723.247252442,15929164.215086425,-1250052.4742949703
354960.0,21201499.108606625,15937308.126828847,-1440048.636237536
355020.0,21182125.38802,15944701.276477426,-1629934.5035910723
355080.0,21161596.662595972,15951353.316807402,-1819695.5333321737
355140.0,21139907.66068405,15957273.989976956,-2009317.191861086
355200.0,21117053.26295851,15962473.125640096,-2198784.9561160584
355260.0,21093028.5034711,15966960.639045924,-2388084.3146869177
355320.0,21067828.57067822,15970746.52912393,-2577200.7689279644
355380.0,21041448.808442947,15973840.876554748,-2766119.834069742
355440.0,21013884.71701041,15976253.841828573,-2954827.0403297073
355500.0,20985131.953957852,15977995.663289571,-3143307.934022098
355560.0,20955186.33511781,15979076.655168444,-3331548.0786660938
355620.0,20924043.835475378,15979507.205601936,-3519533.0560933603
355680.0,20891700.590038735,15979297.77464067,-3707248.4675535555
355740.0,20858152.89468291,15978458.892245432,-3894679.934818631
355800.0,20823397.206966683,15977001.156271923,-4081813.1012858604
355860.0,20787430.146922894,15974935.230444333,-4268633.633078691
355920.0,20750248.497821085,15972271.842318743,-4455127.220146305
355980.0,20711849.206902888,15969021.7812364,-4641279.577361302
356040.0,20672229.386090677,15965195.896266103,-4827076.445615224
356100.0,20631386.31266774,15960805.09413844,-5012503.5929124225
356160.0,20589317.429931715,15955860.337169493,-5197546.815461747
356220.0,20546020.347819377,15950372.64117695,-5382191.938766049
356280.0,20501492.84350442,15944353.073386667,-5566424.8187095
356340.0,20455732.861966662,15937812.750331823,-5750231.342642561
356400.0,20408738.516533136,15930762.83574444,-5933597.4304646235
356460.0,20360508.089391645,15923214.538438704,-6116509.035704049
356520.0,20311040.03207507,15915179.110188501,-6298952.146595807
356580.0,20260332.965918325,15906667.843597122,-6480912.787156378
356640.0,20208385.682485994,15897692.069961794,-6662377.018255756
356700.0,20155197.143972073,15888263.157131456,-6843330.93868704
356760.0,20100766.483570892,15878392.507359507,-7023760.686232629
356820.0,20045093.005819082,15868091.555151599,-7203652.438727926
356880.0,19988176.186909255,15857371.765108207,-7382992.41512164
356940.0,19930015.674974907,15846244.629762871,-7561766.876532971
357000.0,19870611.290346112,15834721.667416792,-7739962.127305778
357060.0,19809963.02577641,15822814.419969779,-7917564.516059208
357120.0,19748071.046641234,15810534.450747345,-8094560.436735125
357180.0,19684935.69110661,15797893.342325874,-8270936.3296418805
357240.0,19620557.470269747,15784902.694354277,-8446678.682494631
357300.0,19554937.06826958,15771574.121374618,-8621774.031452073
357360.0,19488075.34236929,15757919.250639983,-8796208.962149374
357420.0,19419973.323009048,15743949.719931679,-8969970.11072734
357480.0,19350632.213829774,15729677.175375456,-9143044.16485771
357540.0,19280053.39166827,15715113.269256502,-9315417.86476455
357600.0,19208238.406522557,15700269.657835193,-9487078.004241478
357660.0,19135188.98148886,15685157.999161988,-9658011.431664968
357720.0,19060907.012668796,15669789.950893909,-9828205.051003274
357780.0,18985394.569048017,15654177.16811104,-9997645.822821384
357840.0,18908653.892345734,15638331.301134814,-10166320.765281128
357900.0,18830687.396834765,15622263.993348256,-10334216.955137398
357960.0,18751497.66913328,15605986.879017415,-10501321.528729573
358020.0,18671087.467966814,15589511.581116404,-10667621.682968471
358080.0,18589459.723902177,15572849.709154084,-10833104.676318593
358140.0,18506617.539051607,15556012.85700509,-10997757.829775613
358200.0,18422564.186748847,15539012.60074339,-11161568.527839238
358260.0,18337303.11119577,15521860.49648086,-11324524.219481012
358320.0,18250837.927080944,15504568.078209095,-11486612.419107212
358380.0,18163172.41916865,15487146.855647098,-11647820.70751687
358440.0,18074310.54186034,15469608.312092956,-11808136.732854415
358500.0,17984256.418726735,15451963.90228172,-11967548.211557373
358560.0,17893014.342011694,15434225.050249085,-12126042.929298716
358620.0,17800588.772107963,15416403.147200681,-12283608.74192402
358680.0,17706984.337004192,15398509.549388852,-12440233.576383015
358740.0,17612205.83170429,15380555.575995386,-12595905.431655888
358800.0,17516258.21761804,15362552.507022597,-12750612.3796739
358860.0,17419146.62192437,15344511.581191147,-12904342.566234512
358920.0,17320876.33690622,15326443.993846532,-13057084.211910805
358980.0,17221452.819257718,15308360.894874007,-13208825.612955106
359040.0,17120881.689364128,15290273.386621637,-13359555.142196858
359100.0,17019168.73055347,15272192.521833444,-13509261.24993458
359160.0,16916319.888321634,15254129.30159108,-13657932.464821858
359220.0,16812341.269529138,15236094.67326632,-13805557.394747458
359280.0,16707239.14157186,15218099.528482806,-13952124.727709139
359340.0,16601019.931523744,15200154.701089315,-14097623.232681423
359400.0,16493690.225253493,15182270.965143021,-14242041.760477183
359460.0,16385256.766513608,15164459.032904966,-14385369.244602932
359520.0,16275726.456003852,15146729.552846253,-14527594.702107653
359580.0,16165106.350407587,15129093.107666831,-14668707.234425347
359640.0,16053403.661401836,15111560.212326566,-14808696.028211078
359700.0,15940625.754642047,15094141.312088404,-14947550.356170353
359760.0,15826780.148719737,15076846.780575406,-15085259.5778821
359820.0,15711874.514095597,15059686.917840164,-15221813.140614804
359880.0,15595916.67200603,15042671.948448854,-15357200.580135945
359940.0,15478914.593345042,15025812.019578407,-15491411.521514755
360000.0,15360876.397520652,15009117.199128577,-15624435.679917924
360060.0,15241810.35128597,14992597.473848686,-15756262.861398617
360120.0,15121724.867546186,14976262.747478992,-15886882.96367826
360180.0,15000628.50414046,14960122.83890754,-16016285.976921517
360240.0,14878529.962599471,14944187.480342798,-16144461.98450414
360300.0,14755438.08687893,14928466.315502206,-16271401.163773386
360360.0,14631361.86206908,14912968.897816617,-16397093.786801653
360420.0,14506310.413080193,14897704.688652037,-16521530.221132565
360480.0,14380293.003305197,14882683.055547379,-16644700.930519747
360540.0,14253319.033258101,14867913.270470282,-16766596.475658277
360600.0,14125398.039190127,14853404.508089717,-16887207.514908794
360660.0,13996539.691682609,14839165.844066782,-17006524.805013876
360720.0,13866753.794217195,14825206.253363682,-17124539.201807093
360780.0,13736050.281724257,14811534.608570587,-17241241.660914313
360840.0,13604439.219108308,14798159.678251885,-17356623.23844747
360900.0,13471930.799752664,14785090.125310618,-17470675.091690425
360960.0,13338535.344001245,14772334.505373025,-17583388.479777377
361020.0,13204263.297620138,14759901.265191818,-17694754.764363192
361080.0,13069125.230237547,14747798.741069753,-17804765.410285927
361140.0,12933131.83376269,14736035.157303348,-17913411.98622153
361200.0,12796293.920784775,14724618.62464644,-18020686.165330544
361260.0,12658622.422950998,14713557.138795076,-18126579.725896735
361320.0,12520128.389325326,14702858.578892553,-18231084.551957663
361380.0,12380822.984726492,14692530.706056379,-18334192.633927315
361440.0,12240717.488047808,14682581.161925826,-18435896.069210283
361500.0,12099823.290556572,14673017.467231976,-18536187.06280801
361560.0,11958151.894175528,14663847.020388866,-18635057.927916702
361620.0,11815714.909745192,14655077.096107522,-18732501.086516805
361680.0,11672524.055268202,14646714.844031781,-18828509.069954414
361740.0,11528591.154135574,14638767.287397077,-18923074.519514035
361800.0,11383928.133335099,14631241.321712159,-19016190.186983034
361860.0,11238547.021642646,14624143.713463526,-19107848.93520775
361920.0,11092459.947796097,14617481.098843668,-19198043.738640785
361980.0,10945679.138652831,14611259.982502341,-19286767.68388008
362040.0,10798216.91733037,14605486.736322135,-19374013.970199116
362100.0,10650085.701331355,14600167.598217465,-19459775.910068635
362160.0,10501298.000652172,14595308.67095818,-19544046.92966973
362220.0,10351866.415876346,14590915.921017436,-19626820.569398053
362280.0,10201803.636253128,14586995.177443882,-19708090.484359354
362340.0,10051122.437760225,14583552.130759178,-19787850.444856353
362400.0,9899835.681153191,14580592.331879832,-19866094.33686659
362460.0,9747956.309999667,14578121.191064857,-19942816.162511528
362520.0,9595497.34870045,14576143.97688815,-20018010.04051674
362580.0,9442471.900496477,14574665.815236991,-20091670.206663143
362640.0,9288893.145463286,14573691.688335659,-20163791.014229275
362700.0,9134774.338491682,14573226.43379549,-20234366.934424613
362760.0,8980128.807257026,14573274.743690468,-20303392.556813795
362820.0,8824969.950175522,14573841.16365931,-20370862.589731827
362880.0,8669311.234348929,14574930.092033923,-20436771.860690136
362940.0,8513166.19349811,14576545.77899407,-20501115.31677359
363000.0,8356548.425884948,14578692.32574912,-20563888.02502826
363060.0,8199471.592224229,14581373.683746127,-20625085.17284005
363120.0,8041949.4135839855,14584593.65390533,-20684702.068304162
363180.0,7883995.669277252,14588355.88588225,-20742734.140585177
363240.0,7725624.194742949,14592663.877357287,-20799176.940268002
363300.0,7566848.879417874,14597520.973352669,-20854026.139699463
363360.0,7407683.664600059,14602930.365576487,-20907277.53332055
363420.0,7248142.541302762,14608895.091794783,-20958927.0379894
363480.0,7088239.54810105,14615418.035230806,-21008970.69329481
363540.0,6927988.76896982,14622501.923992509,-21057404.661860418
363600.0,6767404.331114964,14630149.330527442,-21104225.22963942
363660.0,6606500.402796583,14638362.67110611,-21149428.80619992
363720.0,6445291.191146532,14647144.205332875,-21193011.925000705
363780.0,6283790.939978258,14656496.035685493,-21234971.243657667
363840.0,6122013.927591933,14666420.107082441,-21275303.54420057
363900.0,5959974.464573093,14676918.206478821,-21314005.733320445
363960.0,5797686.891585902,14687991.96249065,-21351074.842607334
364020.0,5635165.57716248,14699642.845047278,-21386508.02877853
364080.0,5472424.915486469,14711872.165072754,-21420302.573897216
364140.0,5309479.324173544,14724681.074195292,-21452455.885581505
364200.0,5146343.242047335,14738070.56448574,-21482965.497203864
364260.0,4983031.126912409,14752041.46822441,-21511829.06808096
364320.0,4819557.453324299,14766594.457696741,-21539044.383653812
364380.0,4655936.710356182,14781730.045017753,-21564609.355658304
364440.0,4492183.399364644,14797448.581985008,-21588522.022286005
364500.0,4328312.031752018,14813750.259960735,-21610780.54833541
364560.0,4164337.126728441,14830635.109782396,-21631383.22535334
364620.0,4000273.2090721233,14848103.001702366,-21650328.47176676
364680.0,3836134.806889346,14866153.645356221,-21667614.833004802
364740.0,3671936.4493734017,14884786.589760128,-21683240.981611155
364800.0,3507692.664564553,14904001.223336805,-21697205.717346627
364860.0,3343417.9771094723,14923796.773970561,-21709507.967282016
364920.0,3179126.906022054,14944172.309091022,-21720146.785881262
364980.0,3014833.9624451846,14965126.735785749,-21729121.35507478
365040.0,2850553.647413948,14986658.800941681,-21736430.984323088
365100.0,2686300.449621179,15008767.091415258,-21742075.11067064
365160.0,2522088.843184731,15031450.034231445,-21746053.298789937
365220.0,2357933.285418046,15054705.896811325,-21748365.24101577
365280.0,2193848.2146032196,15078532.787228523,-21749010.757369787
365340.0,2029848.047767997,15102928.65449414,-21747989.795575265
365400.0,1865947.178466504,15127891.288870346,-21745302.43106203
365460.0,1702159.9745634727,15153418.322212571,-21740948.866961706
365520.0,1538500.7760244566,15179507.228339992,-21734929.434093084
365580.0,1374983.8927094773,15206155.323434666,-21727244.590937786
365640.0,1211623.6021732902,15233359.766468834,-21717894.923606113
365700.0,1048434.1474701308,15261117.559660614,-21706881.145793125
365760.0,885429.7349658539,15289425.548957834,-21694204.098724958
365820.0,722624.5321552134,15318280.424550015,-21679864.751095362
365880.0,560032.6654872247,15347678.721408343,-21663864.19899248
365940.0,397668.21819635667,15377616.819853673,-21646203.665815864
366000.0,235545.22814263636,15408090.946152268,-21626884.50218375
366060.0,73677.68565874267,15439097.173139313,-21605908.18583057
366120.0,-87920.4685943881,15470631.420870109,-21583276.32149472
366180.0,-249235.3457630179,15502689.45729875,-21558990.640796624
366240.0,-410253.11092741555,15535266.898984177,-21533053.00210705
366300.0,-570959.9852190008,15568359.21182359,-21505465.390405726
366360.0,-731342.2479280354,15601961.711812938,-21476229.91713024
366420.0,-891386.2386008371,15636069.56583452,-21445348.82001528
366480.0,-1051078.359126958,15670677.792471418,-21412824.462922122
366540.0,-1210405.0758154332,15705781.262848714,-21378659.335658565
366600.0,-1369352.9214594425,15741374.7015013,-21342856.053789064
366660.0,-1527908.4973903052,15777452.687268179,-21305417.358435377
366720.0,-1686058.475518635,15814009.65421304,-21266346.116067484
366780.0,-1843789.6003643447,15851039.892570991,-21225645.31828487
366840.0,-2001088.6910728882,15888537.549721312,-21183318.08158836
366900.0,-2157942.6434200066,15926496.63118596,-21139367.64714218
366960.0,-2314338.431801765,15964911.001653828,-21093797.380526643
367020.0,-2470263.1112123597,16003774.386030331,-21046610.77148116
367080.0,-2625703.8192070997,16043080.370512437,-20997811.433637746
367140.0,-2780647.7778513907,16082822.403688703,-20947403.104245126
367200.0,-2935082.2956556208,16122993.797664244,-20895389.64388322
367260.0,-3088994.7694942025,16163587.729210485,-20841775.036168233
367320.0,-3242372.6865104744,16204597.240939338,-20786563.38744832
367380.0,-3395203.6260050777,16246015.24250184,-20729758.926489763
367440.0,-3547475.2613092773,16287834.511810742,-20671366.004153866
367500.0,-3699175.361641337,16330047.696287174,-20611389.09306435
367560.0,-3850291.793947003,16372647.314130887,-20549832.787265494
367620.0,-4000812.524723065,16415625.755613972,-20486701.801870905
367680.0,-4150725.6218232354,16458975.284397945,-20422000.97270305
367740.0,-4300019.256247666,16502688.038873691,-20355735.255923416
367800.0,-4448681.703913404,16546756.033524377,-20287909.727653567
367860.0,-4596701.347408183,16591171.16031072,-20218529.583586853
367920.0,-4744066.677724607,16635925.190078782,-20147600.13859105
367980.0,-4890766.295976738,16681009.773989744,-20075126.82630173
368040.0,-5036788.915097197,16726416.444971422,-20001115.198706657
368100.0,-5182123.361515234,16772136.619191533,-19925570.925720926
368160.0,-5326758.576815157,16818161.597552225,-19848499.794753164
368220.0,-5470683.619375173,16864482.567205623,-19769907.710262645
368280.0,-5613887.665986319,16911090.60309017,-19689800.693307422
368340.0,-5756360.013450478,16957976.66948769,-19608184.881083503
368400.0,-5898090.0801586425,17005131.62160043,-19525066.5264551
368460.0,-6039067.4076474225,17052546.207148433,-19440451.99747595
368520.0,-6179281.662135267,17100211.06798629,-19354347.77690187
368580.0,-6318722.636036661,17148116.74173969,-19266760.46169437
368640.0,-6457380.249454927,17196253.663460862,-19177696.762515582
368700.0,-6595244.551653428,17244612.16730295,-19087163.503214408
368760.0,-6732305.722503858,17293182.488213167,-18995167.620303977
368820.0,-6868554.073913102,17341954.763643898,-18901716.1624304
368880.0,-7003980.0512265535,17390919.035282224,-18806816.289832927
368940.0,-7138574.234609412,17440065.250796698,-18710475.273795545
369000.0,-7272327.340404106,17489383.26560194,-18612700.496089946
369060.0,-7405230.222464868,17538862.844640046,-18513499.448410105
369120.0,-7537273.873468806,17588493.664178837,-18412879.731798284
369180.0,-7668449.426202824,17638265.31362664,-18310849.05606274
369240.0,-7798748.154826677,17688167.2973633,-18207415.23918696
369300.0,-7928161.476112053,17738189.036586884,-18102586.206730586
369360.0,-8056680.950657138,17788319.87117586,-17996369.991222125
369420.0,-8184298.284076155,17838549.06156684,-17888774.731543344
369480.0,-8311005.328164834,17888865.790646695,-17779808.67230553
369540.0,-8436794.082040038,17939259.165659733,-17669480.163217563
369600.0,-8561656.693255004,17989718.2201286,-17557797.658445917
369660.0,-8685585.458888378,18040231.91578955,-17444769.71596661
369720.0,-8808572.826608252,18090789.14454095,-17330404.996909175
369780.0,-8930611.395710366,18141378.73040499,-17214712.264892656
369840.0,-9051693.91812982,18191989.4315026,-17097700.385353748
369900.0,-9171813.2994277,18242609.942040425,-16979378.324867014
369960.0,-9290962.599750236,18293228.89431052,-16859755.150457393
370020.0,-9409135.034762673,18343834.860701337,-16738840.028904922
370080.0,-9526323.976555573,18394416.355720744,-16616642.226041783
370140.0,-9642522.954525016,18444961.838029824,-16493171.106041685
370200.0,-9757725.656225737,18495459.712487504,-16368436.130701745
370260.0,-9871925.92819721,18545898.33220584,-16242446.858716737
370320.0,-9985117.776762415,18596266.00061526,-16115212.944945902
370380.0,-10097295.368799407,18646550.97353947,-15986744.139672434
370440.0,-10208453.032485835,18696741.46127972,-15857050.287855493
370500.0,-10318585.2580151,18746825.630708355,-15726141.32837492
370560.0,-10427686.698285662,18796791.607370533,-15594027.293268852
370620.0,-10535752.169561855,18846627.477594785,-15460718.30696392
370680.0,-10642776.652107516,18896321.290610902,-15326224.58549857
370740.0,-10748755.29079083,18945861.060675904,-15190556.435739076
370800.0,-10853683.39566167,18995234.769206863,-15053724.254588747
370860.0,-10957556.44250065,19044430.366920494,-14915738.528190127
370920.0,-11060370.073339466,19093435.77597958,-14776609.831120145
370980.0,-11162120.096953522,19142238.89214489,-14636348.825578757
371040.0,-11262802.489325283,19190827.58693338,-14494966.260570582
371100.0,-11362413.394080177,19239189.709781155,-14352472.971079845
371160.0,-11460949.122892635,19287313.090211872,-14208879.877238885
371220.0,-11558406.155864406,19335185.54000941,-14064197.983489878
371280.0,-11654781.141874004,19382794.855394702,-13918438.37774012
371340.0,-11750070.89889699,19430128.819206566,-13771612.230510935
371400.0,-11844272.414297491,19477175.203085948,-13623730.79408014
371460.0,-11937382.845091159,19523921.76966313,-13474805.401618235
371520.0,-12029399.518179297,19570356.274747457,-13324847.4663182
371580.0,-12120319.930553077,19616466.469519876,-13173868.480519477
371640.0,-12210141.749470145,19662240.102726713,-13021880.014825426
371700.0,-12298862.812600974,19707664.92287567,-12868893.717214966
371760.0,-12386481.128147155,19752728.680432286,-12714921.312148243
371820.0,-12472994.874929788,19797419.13001784,-12559974.599666359
371880.0,-12558402.40244942,19841724.032607205,-12404065.454485198
371940.0,-12642702.230916869,19885631.15772665,-12247205.825083638
372000.0,-12725893.051254414,19929128.285651807,-12089407.732785897
372060.0,-12807973.7250688,19972203.20960415,-11930683.270838434
372120.0,-12888943.28459422,20014843.73794709,-11771044.603481136
372180.0,-12968800.932607256,20057037.69637979,-11610503.965013128
372240.0,-13047546.042311773,20098772.930129807,-11449073.65885321
372300.0,-13125178.157195635,20140037.306142982,-11286766.056594774
372360.0,-13201696.990858171,20180818.71527069,-11123593.597055677
372420.0,-13277102.426808603,20221105.074454293,-10959568.785322824
372480.0,-13351394.518235458,20260884.328906097,-10794704.191791639
372540.0,-13424573.487747518,20300144.454286404,-10629012.451200483
372600.0,-13496639.727085965,20338873.458876282,-10462506.261660157
372660.0,-13567593.796807002,20377059.385746278,-10295198.383678542
372720.0,-13637436.425937125,20414690.31491947,-10127101.639180224
372780.0,-13706168.511598255,20451754.36553003,-9958228.91052169
372840.0,-13773791.118605658,20488239.697975226,-9788593.139501715
372900.0,-13840305.479036469,20524134.516062234,-9618207.326366978
372960.0,-13905712.991770107,20559427.069147903,-9447084.528813554
373020.0,-13970015.22200083,20594105.654271834,-9275237.860983683
373080.0,-14033213.900721012,20628158.618282653,-9102680.492458265
373140.0,-14095310.924177475,20661574.35995614,-8929425.647245206
373200.0,-14156308.353298722,20694341.332106132,-8755486.602763351
373260.0,-14216208.413095262,20726448.04368636,-8580876.688822424
373320.0,-14275013.492031053,20757883.0618845,-8405609.286599025
373380.0,-14332726.141367981,20788635.01420659,-8229697.827608499
373440.0,-14389349.07448266,20818692.59055215,-8053155.792673018
373500.0,-14444885.16615554,20848044.545279864,-7875996.710885828
373560.0,-14499337.451832497,20876679.69926306,-7698234.158571888
373620.0,-14552709.126859682,20904586.941934593,-7519881.758244715
373680.0,-14605003.54569128,20931755.233320873,-7340953.177559802
373740.0,-14656224.221069604,20958173.606065247,-7161462.128264526
373800.0,-14706374.82317952,20983831.167439085,-6981422.365144672
373860.0,-14755459.178775102,21008717.101341814,-6800847.684967569
373920.0,-14803481.270280873,21032820.67028801,-6619751.925422193
373980.0,-14850445.234865721,21056131.21738258,-6438148.964055923
374040.0,-14896355.363491323,21078638.16828265,-6256052.717208419
374100.0,-14941216.099934679,21100331.033146128,-6073477.138942334
374160.0,-14985032.039783992,21121199.40856725,-5890436.219971298
374220.0,-15027807.929410078,21141232.979497425,-5706943.986585027
374280.0,-15069548.664911091,21160421.52115267,-5523014.499571716
374340.0,-15110259.291033242,21178754.90090562,-5338661.853137792
374400.0,-15149945.00006528,21196223.0801634,-5153900.173825077
374460.0,-15188611.130708817,21212816.116229784,-4968743.619425569
374520.0,-15226263.166923983,21228524.16415176,-4783206.377893715
374580.0,-15262906.736750187,21243337.478550527,-4597302.666256525
374640.0,-15298547.61110274,21257246.415436216,-4411046.7295213295
374700.0,-15333191.702545576,21270241.4340059,-4224452.83958156
374760.0,-15366845.06404046,21282313.098424707,-4037535.2941202046
374820.0,-15399513.88767145,21293452.07959039,-3850308.415511756
374880.0,-15431204.503347492,21303649.156879544,-3662786.5497218147
374940.0,-15461923.377480363,21312895.219877027,-3474984.065205222
375000.0,-15491677.111641074,21321181.27008638,-3286915.3518023267
375060.0,-15520472.441192314,21328498.422622778,-3098594.8196337125
375120.0,-15548316.233899273,21334837.90788676,-2910036.897993405
375180.0,-15575215.488518244,21340191.073218994,-2721256.0342405727
375240.0,-15601177.333362559,21344549.384536427,-2532266.692689871
375300.0,-15626209.024847802,21347904.427948046,-2343083.353500662
375360.0,-15650317.946014598,21350247.911351714,-2153720.511564774
375420.0,-15673511.60503119,21351571.666010153,-1964192.6753934913
375480.0,-15695797.633674126,21351867.64810727,-1774514.366003267
375540.0,-15717183.785788907,21351127.94028342,-1584700.1158007027
375600.0,-15737677.935730437,21349344.75314973,-1394764.4674664843
375660.0,-15757288.076782394,21346510.42678183,-1204721.9728388006
375720.0,-15776022.319557972,21342617.43219141,-1014587.1917960431
375780.0,-15793888.89038001,21337658.372776873,-824374.6911386693
375840.0,-15810896.129642762,21331625.985751312,-634099.043471061
375900.0,-15827052.490153803,21324513.143549114,-443774.8260824879
375960.0,-15842366.535458215,21316312.8552093,-253416.61982810032
376020.0,-15856846.938143227,21307018.26773714,-63039.00800961861
376080.0,-15870502.478126079,21296622.667441875,127343.42474428582
376140.0,-15883342.040922746,21285119.48125228,317716.0935973779
376200.0,-15895374.615900166,21272502.278008185,508064.41462550877
376260.0,-15906609.294510966,21258764.769728642,698373.8059358218
376320.0,-15917055.268511198,21243900.812856287,888629.6887860763
376380.0,-15926721.828161402,21227904.409477923,1078817.488703394
376440.0,-15935618.360411724,21210769.70852046,1268922.6366027836
376500.0,-15943754.34707129,21192491.006922435,1458930.5699052205
376560.0,-15951139.362961106,21173062.750781443,1648826.7336549638
376620.0,-15957783.074052481,21152479.536476117,1838596.5816364249
376680.0,-15963695.235590432,21130736.111763164,2028225.5774902839
376740.0,-15968885.690201974,21107827.37684947,2217699.195828591
376800.0,-15973364.365990402,21083748.3854386,2407002.923349327
376860.0,-15977141.27461562,21058494.34575167,2596122.2599495947
376920.0,-15980226.509361044,21032060.621522304,2785042.7198378704
376980.0,-15982630.243186582,21004442.732966073,2973749.8326452407
377040.0,-15984362.726769207,20975636.35772341,3162229.1445351215
377100.0,-15985434.286531001,20945637.33177622,3350466.219311899
377160.0,-15985855.322654475,20914441.650338333,3538446.6395278866
377220.0,-15985636.30708607,20882045.46871926,3726156.007588992
377280.0,-15984787.78152838,20848445.103161067,3913579.946858658
377340.0,-15983320.355421122,20813637.031648252,4100704.1027601785
377400.0,-15981244.703910999,20777617.89469085,4287514.143877282
377460.0,-15978571.565810967,20740384.496080395,4473995.763052709
377520.0,-15975311.741549723,20701933.803618263,4660134.678485014
377580.0,-15971476.091111464,20662262.949816544,4845916.634823332
377640.0,-15967075.531965483,20621369.2325719,5031327.404259882
377700.0,-15962121.036987446,20579250.11581114,5216352.787620524
377760.0,-15956623.632371813,20535903.23010917,5400978.615452795
377820.0,-15950594.395535648,20491326.37327914,5585190.749111776
377880.0,-15944044.453014463,20445517.510934696,5768975.081843385
377940.0,-15936984.978350695,20398474.777023803,5952317.53986521
378000.0,-15929427.189975102,20350196.47433435,6135204.083444782
378060.0,-15921382.349080518,20300681.074972004,6317620.7079749815
378120.0,-15912861.757489838,20249927.220809087,6499553.445046877
378180.0,-15903876.755517762,20197933.723905195,6680988.363519498
378240.0,-15894438.719826516,20144699.56689931,6861911.57058689
378300.0,-15884559.061276197,20090223.90337354,7042309.212841963
378360.0,-15874249.222770346,20034506.058187775,7222167.477337332
378420.0,-15863520.677096989,19977545.527785692,7401472.592642874
378480.0,-15852384.92476476,19919341.980472475,7580210.829900202
378540.0,-15840853.491836093,19859895.25666291,7758368.503873517
378600.0,-15828937.927755913,19799205.36910137,7935931.973997379
378660.0,-15816649.803178212,19737272.50305226,8112887.645420583
378720.0,-15804000.70778891,19674097.016462058,8289221.970046752
378780.0,-15791002.248127032,19609679.44009199,8464921.447571112
378840.0,-15777666.045403767,19544020.477621756,8639972.626513502
378900.0,-15764003.733319778,19477121.00572427,8814362.105247749
378960.0,-15750026.955881111,19408982.074111693,8988076.533026818
379020.0,-15735747.365214689,19339604.905551895,9161102.611004231
379080.0,-15721176.619383322,19268990.89585592,9333427.093251351
379140.0,-15706326.380200036,19197141.61383696,9505036.787770467
379200.0,-15691208.311043344,19124058.8012396,9675918.557503806
379260.0,-15675834.074673042,19049744.372640397,9846059.321337976
379320.0,-15660215.331046931,18974200.41531919,10015446.055104472
379380.0,-15644363.735138755,18897429.18910197,10184065.792575158
379440.0,-15628290.9347585,18819433.126174018,10351905.626453832
379500.0,-15612008.568374705,18740214.8308644,10518952.709362742
379560.0,-15595528.262938848,18659777.079401966,10685194.254824642
379620.0,-15578861.63171356,18578122.819641635,10850617.53824002
379680.0,-15562020.272103172,18495255.170762878,11015209.897859456
379740.0,-15545015.763489064,18411177.42293825,11178958.735751342
379800.0,-15527859.665068023,18325893.036974292,11341851.518764328
379860.0,-15510563.513695743,18239405.643923167,11503875.77948482
379920.0,-15493138.821735118,18151719.04466569,11665019.11718942
379980.0,-15475597.074909419,18062837.209466133,11825269.198792068
380040.0,-15457949.730161197,17972764.277498316,11984613.759786222
380100.0,-15440208.213517169,17881504.556343634,12143040.605181163
380160.0,-15422383.917959705,17789062.521460097,12300537.610433515
380220.0,-15404488.20130425,17695442.81562425,12457092.722372742
380280.0,-15386532.384084579,17600650.24834404,12612693.960121559
380340.0,-15368527.747445233,17504689.79524393,12767329.41601048
380400.0,-15350485.531041542,17407566.597422473,12920987.256486615
380460.0,-15332416.930947913,17309285.960781675,13073655.723017054
380520.0,-15314333.097574703,17209853.35532901,13225323.132985976
380580.0,-15296245.133594247,17109274.41445121,13375977.88058638
380640.0,-15278164.091875304,17007554.934161752,13525608.437705368
380700.0,-15260100.973428177,16904700.87231964,13674203.354803843
380760.0,-15242066.72535875,16800718.34782235,13821751.261789836
380820.0,-15224072.238833757,16695613.639770724,13968240.868885702
380880.0,-15206128.347055944,16589393.186607497,14113660.967489352
380940.0,-15188245.823250696,16482063.585228972,14258000.431028878
381000.0,-15170435.378664117,16373631.590069665,14401248.215811158
381060.0,-15152707.660572419,16264104.112161174,14543393.361863717
381120.0,-15135073.250303496,16153488.218164522,14684424.993770353
381180.0,-15117542.661271073,16041791.12937604,14824332.32150021
381240.0,-15100126.337021701,15929020.220707469,14963104.64123019
381300.0,-15082834.649294212,15815183.019640572,15100731.33616076
381360.0,-15065677.896093216,15700287.205155885,15237201.87732496
381420.0,-15048666.29977622,15584340.606635727,15372505.824390791
381480.0,-15031810.005154626,15467351.20274254,15506632.82645663
381540.0,-15015119.077609092,15349327.120272037,15639572.622839773
381600.0,-14998603.501219962,15230276.632981092,15771315.043858165
381660.0,-14982273.176912643,15110208.160391295,15901850.011604847
381720.0,-14966137.920617945,14989130.266568314,16031167.540715586
381780.0,-14950207.461448913,14867051.658876134,16159257.739129359
381840.0,-14934491.439892715,14743981.186708499,16286110.808841377
381900.0,-14918999.406019868,14619927.840195093,16411717.04664938
381960.0,-14903740.817709135,14494900.748885572,16536066.844892045
382020.0,-14888725.038890004,14368909.180409195,16659150.692180501
382080.0,-14873961.337802341,14241962.539111508,16780959.174122278
382140.0,-14859458.885273343,14114070.364668343,16901482.974037778
382200.0,-14845226.7530124,13985242.330677057,17020712.87366933
382260.0,-14831273.911924217,13855488.243225308,17138639.753882546
382320.0,-14817609.230440475,13724818.03943732,17255254.595360164
382380.0,-14804241.472869799,13593241.785998687,17370548.47928831
382440.0,-14791179.29776704,13460769.677659355,17484512.588034764
382500.0,-14778431.256322,13327412.03571456,17597138.205819886
382560.0,-14766005.790767295,13193179.306465534,17708416.71937924
382620.0,-14753911.232806271,13058082.059658464,17818339.61861886
382680.0,-14742155.802061066,12922130.986903436,17926898.49726213
382740.0,-14730747.604541205,12785336.900072083,18034085.053489137
382800.0,-14719694.631132292,12647710.729676336,18139891.09056765
382860.0,-14709004.756106393,12509263.523225984,18244308.51747635
382920.0,-14698685.735652776,12370006.443567855,18347329.349519808
382980.0,-14688745.206430778,12229950.767204769,18448945.70893526
383040.0,-14679190.684143784,12089107.882596133,18549149.82549142
383100.0,-14670029.562135411,11947489.288439453,18647934.03707887
383160.0,-14661269.110007968,11805106.591933396,18745290.790292263
383220.0,-14652916.472262945,11661971.507022958,18841212.641004175
383280.0,-14644978.666964287,11518095.852626825,18935692.254930593
383340.0,-14637462.584424688,11373491.550846847,19028722.408188127
383400.0,-14630374.985914927,11228170.625160245,19120295.98784264
383460.0,-14623722.502396198,11082145.198595641,19210405.992449462
383520.0,-14617511.63327633,10935427.491891688,19299045.53258503
383580.0,-14611748.745189723,10788029.821639473,19386207.83137012
383640.0,-14606440.07080103,10639964.598409446,19471886.22498428
383700.0,-14601591.70763312,10491244.324862106,19556074.163171884
383760.0,-14597209.616919357,10341881.593843773,19638765.209739223
383820.0,-14593299.622480717,10191889.086466797,19719953.043043155
383880.0,-14589867.40962708,10041279.570175823,19799631.456470873
383940.0,-14586918.524084171,9890065.896798788,19877794.35891094
384000.0,-14584458.37094494,9738261.000584872,19954435.775215495
384060.0,-14582492.213646902,9585877.89622756,20029549.846653692
384120.0,-14581025.172974396,9432929.676875537,20103130.83135612
384180.0,-14580062.226086888,9279429.51212969,20175173.104750514
384240.0,-14579608.205573017,9125390.646027591,20245671.15998833
384300.0,-14579667.798530543,8970826.395015828,20314619.608362526
384360.0,-14580245.545672389,8815750.145910451,20382013.179716155
384420.0,-14581345.840459222,8660175.35384507,20447846.722842168
384480.0,-14582972.928258412,8504115.540208248,20512115.20587392
384540.0,-14585130.905529363,8347584.290569801,20574813.7166668
384600.0,-14587823.719035842,8190595.252596346,20635937.463170562
384660.0,-14591055.165085169,8033162.13395657,20695481.77379266
384720.0,-14594828.888794301,7875298.70021669,20753442.097752366
384780.0,-14599148.383383006,7717018.77272643,20809814.00542566
384840.0,-14604016.989494488,7558336.226495607,20864593.18868099
384900.0,-14609437.894543324,7399264.988061803,20917775.461205717
384960.0,-14615414.132090675,7239819.03335008,20969356.758823294
385020.0,-14621948.581247488,7080012.385523675,21019333.13980126
385080.0,-14629043.966104954,6919859.112828065,21067700.785149828
385140.0,-14636702.855193162,6759373.326426603,21114455.998911105
385200.0,-14644927.66096733,6598569.178229763,21159595.20843914
385260.0,-14653720.63932219,6437460.85871765,21203114.964670423
385320.0,-14663083.889134439,6276062.59475592,21245011.94238505
385380.0,-14673019.351833267,6114388.647406004,21285282.940458573
385440.0,-14683528.810999045,5952453.309729954,21323924.882104244
385500.0,-14694613.891990447,5790270.9045899,21360934.815105986
385560.0,-14706276.061599866,5627855.782442551,21396309.91204179
385620.0,-14718516.627737172,5465222.319129696,21430047.470497716
385680.0,-14731336.739141988,5302384.913664314,21462144.913272325
385740.0,-14744737.385124568,5139357.986012992,21492599.788571704
385800.0,-14758719.395335093,4976155.9748752145,21521409.770194847
385860.0,-14773283.439561559,4812793.335460035,21548572.657709613
385920.0,-14788430.02755649,4649284.537259274,21574086.376619093
385980.0,-14804159.50889213,4485644.061819384,21597948.978518374
386040.0,-14820472.0728444,4321886.400511222,21620158.641241852
386100.0,-14837367.748305608,4158026.0522983097,21640713.669000857
386160.0,-14854846.403725743,3994077.521504334,21659612.492511727
386220.0,-14872907.747082748,3830055.315579489,21676853.669114288
386280.0,-14891551.325881263,3665973.9428672437,21692435.882880732
386340.0,-14910776.5271803,3501847.9103705822,21706357.944714855
386400.0,-14930582.57764966,3337691.7215188392,21718618.79244173
386460.0,-14950968.543654969,3173519.8739355346,21729217.490887675
386520.0,-14971933.331371494,3009346.857207656,21738153.23195064
386580.0,-14993475.686926682,2845187.1506559085,21745425.334660955
386640.0,-15015594.196571397,2681055.2211071956,21751033.245232414
386700.0,-15038287.286879655,2516965.5206701388,21754976.537103735
386760.0,-15061553.224977164,2352932.48451217,21757254.91097033
386820.0,-15085390.11879833,2188970.5286405818,21757868.194806498
386880.0,-15109795.917371824,2025094.0476866274,21756816.343877885
386940.0,-15134768.41113461,1861317.4126938125,21754099.44074434
387000.0,-15160305.23227443,1697654.9689101703,21749717.695253126
387060.0,-15186403.855100656,1534121.0335851558,21743671.44452241
387120.0,-15213061.596443446,1370729.8937716617,21735961.152915187
387180.0,-15240275.616081126,1207495.8041332609,21726587.412003513
387240.0,-15268042.91719578,1044432.9847572285,21715550.940523077
387300.0,-15296360.346856894,881555.6189734999,21702852.58431816
387360.0,-15325224.596533004,718877.851180489,21688493.316276923
387420.0,-15354632.202631306,556413.7846773523,21672474.23625712
387480.0,-15384579.547065062,394177.47950336104,21654796.571002092
387540.0,-15415062.857848765,232182.95028512878,21635461.674047202
387600.0,-15446078.209720884,70444.16409198102,21614471.025616664
387660.0,-15477621.524794172,-91024.96170111652,21591826.23251068
387720.0,-15509688.573233435,-252210.56154151307,21567529.027983107
387780.0,-15542274.97396046,-413098.8238175912,21541581.271609396
387840.0,-15575376.195386296,-573675.9929688359,21513984.949145023
387900.0,-15608987.556170452,-733928.3715855214,21484742.172374357
387960.0,-15643104.226007022,-893842.322498498,21453855.17894995
388020.0,-15677721.22643777,-1053404.2708589318,21421326.332222205
388080.0,-15712833.431691574,-1212600.7062063524,21387158.121059697
388140.0,-15748435.56955069,-1371418.1845270935,21351353.15965971
388200.0,-15784522.22224311,-1529843.330299363,21313914.187349506
388260.0,-15821087.827361269,-1687862.838528113,21274844.068377934
388320.0,-15858126.678806823,-1845463.4767667972,21234145.79169766
388380.0,-15895632.927761156,-2002632.0871270685,21191822.470737845
388440.0,-15933600.583681814,-2159355.588275257,21147877.34316745
388500.0,-15972023.515324295,-2315620.977416001,21102313.770649068
388560.0,-16010895.45178939,-2471415.3322623866,21055135.238583352
388620.0,-16050209.983595524,-2626725.812991882,21006345.35584403
388680.0,-16089960.563776355,-2781539.664188222,20955947.854503598
388740.0,-16130140.509002948,-2935844.2167689516,20903946.58954959
388800.0,-16170743.000730744,-3089626.889898262,20850345.53859154
388860.0,-16211761.086370898,-3242875.1928838585,20795148.801558666
388920.0,-16253187.680485923,-3395576.72705942,20738360.60038818
388980.0,-16295015.566009197,-3547719.187650498,20679985.278704423
389040.0,-16337237.395488527,-3699290.3656249046,20620027.301488623
389100.0,-16379845.692353116,-3850278.14952562,20558491.254739642
389160.0,-16422832.852204073,-4000670.527288301,20495381.84512528
389220.0,-16466191.14412793,-4150455.588041054,20430703.899624553
389280.0,-16509912.712033305,-4299621.523886402,20364462.36516084
389340.0,-16553989.576010088,-4448156.631666975,20296662.308225762
389400.0,-16598413.633711277,-4596049.314711513,20227308.914494157
389460.0,-16643176.661756849,-4743288.084564051,20156407.488429897
389520.0,-16688270.317159925,-4889861.562693888,20083963.45288259
389580.0,-16733686.138774447,-5035758.482186758,20009982.348675452
389640.0,-16779415.548764445,-5180967.689417298,19934469.834184036
389700.0,-16825449.854094587,-5325478.145701676,19857431.6849061
389760.0,-16871780.24804177,-5469278.928930513,19778873.793022577
389820.0,-16918397.811727375,-5612359.235182239,19698802.166949607
389880.0,-16965293.515669964,-5754708.380316293,19617222.93088172
389940.0,-17012458.221358396,-5896315.801545072,19534142.32432625
390000.0,-17059882.68284469,-6037171.058986006,19449566.701628923
390060.0,-17107557.548356604,-6177263.837192296,19363502.53149069
390120.0,-17155473.361929633,-6316583.946662139,19275956.396475945
390180.0,-17203620.565058194,-6455121.325326706,19186934.992511846
390240.0,-17251989.498365548,-6592866.040016286,19096445.12837927
390300.0,-17300570.403292157,-6729808.287904476,19004493.725194965
390360.0,-17349353.423802644,-6865938.397929768,18911087.815885197
390420.0,-17398328.60811029,-7001246.832195244,18816234.544650905
390480.0,-17447485.910419576,-7135724.187344669,18719941.166424315
390540.0,-17496815.192685753,-7269361.195916806,18622215.046317033
390600.0,-17546306.226391807,-7402148.727674941,18523063.659060057
390660.0,-17595948.69434192,-7534077.790914489,18422494.588434916
390720.0,-17645732.192471422,-7665139.533746157,18320515.526696928
390780.0,-17695646.231673032,-7795325.2453554785,18217134.273989916
390840.0,-17745680.239638805,-7924626.357237888,18112358.7377528
390900.0,-17795823.562717613,-8053034.444409988,18006196.932118
390960.0,-17846065.467787713,-8180541.226596528,17898656.977301504
391020.0,-17896395.144144412,-8307138.569391645,17789747.09898514
391080.0,-17946801.70540208,-8432818.48539637,17679475.62769048
391140.0,-17997274.191410378,-8557573.13533045,17567850.99814497
391200.0,-18047801.57018445,-8681394.829119101,17454881.748639923
391260.0,-18098372.739848763,-8804276.026954174,17340576.5203806
391320.0,-18148976.530593924,-8926209.340329718,17224944.056828566
391380.0,-18199601.70664642,-9047187.53305206,17107993.203036103
391440.0,-18250236.968251202,-9167203.522223445,16989732.90497277
391500.0,-18300870.953666102,-9286250.379199775,16870172.20884442
391560.0,-18351492.241168212,-9404321.33052225,16749320.260404421
391620.0,-18402089.351071853,-9521409.758822123,16627186.30425732
391680.0,-18452650.747757763,-9637509.203699093,16503779.683154838
391740.0,-18503164.841712907,-9752613.362573188,16379109.837284297
391800.0,-18553619.99158079,-9866716.091509208,16253186.303549957
391860.0,-18604004.506222002,-9979811.406014737,16126018.714846402
391920.0,-18654306.646784503,-10091893.48181038,15997616.799324922
391980.0,-18704514.628783196,-10202956.65557323,15867990.379652424
392040.0,-18754616.62418849,-10312995.42565282,15737149.372263273
392100.0,-18804600.763523832,-10422004.452759061,15605103.786603702
392160.0,-18854455.13797129,-10529978.56062333,15471863.72436914
392220.0,-18904167.801485073,-10636912.736631073,15337439.378734728
392280.0,-18953726.772912834,-10742802.13242719,15201841.033578314
392340.0,-19003120.038124133,-10847642.064492658,15065079.062696923
392400.0,-19052335.552145697,-10951428.0146938,14927163.929016119
392460.0,-19101361.24130302,-11054155.630803242,14788106.183792558
392520.0,-19150185.005368523,-11155820.726992423,14647916.465809586
392580.0,-19198794.719715055,-11256419.28429578,14506605.50056642
392640.0,-19247178.237474844,-11355947.451046951,14364184.099460434
392700.0,-19295323.391703572,-11454401.543286175,14220663.158962822
392760.0,-19343217.997549087,-11551778.045138791,14076053.659787914
392820.0,-19390849.854424257,-11648073.609165996,13930366.666055731
392880.0,-19438206.74818365,-11743285.05668659,13783613.324448254
392940.0,-19485276.453303866,-11837409.378069678,13635804.86335941
393000.0,-19532046.735067062,-11930443.732998788,13486952.592038698
393060.0,-19578505.351747032,-12022385.450707503,13337067.899728494
393120.0,-19624640.05679755,-12113232.030186247,13186162.254795233
393180.0,-19670438.601043217,-12202981.140359506,13034247.20385466
393240.0,-19715888.734871414,-12291630.620235097,12881334.370890642
393300.0,-19760978.210425608,-12379178.47902397,12727435.456368556
393360.0,-19805694.783799656,-12465622.896231223,12572562.236342322
393420.0,-19850026.21723261,-12550962.22171804,12416726.56155573
393480.0,-19893960.2813034,-12635194.97573488,12259940.356538115
393540.0,-19937484.75712525,-12718319.848925874,12102215.618694223
393600.0,-19980587.438539762,-12800335.702303657,11943564.41738837
393660.0,-20023256.134309635,-12881241.56719579,11783998.893023277
393720.0,-20065478.670309946,-12961036.645162206,11623531.256113235
393780.0,-20107242.89171781,-13039720.307883779,11462173.786351651
393840.0,-20148536.665199906,-13117292.097021304,11299938.831673853
393900.0,-20189347.88109725,-13193751.724046651,11136838.807313938
393960.0,-20229664.45560697,-13269099.07004471,10972886.194856737
394020.0,-20269474.332961038,-13343334.185486142,10808093.541284753
394080.0,-20308765.487601258,-13416457.28997184,10642473.458019642
394140.0,-20347525.926349998,-13488468.771948423,10476038.619959164
394200.0,-20385743.690576464,-13559369.188395562,10308801.764508856
394260.0,-20423406.858358532,-13629159.264483888,10140775.690609042
394320.0,-20460503.546638995,-13697839.893205104,9971973.257756922
394380.0,-20497021.91337629,-13765412.134973386,9802407.385024263
394440.0,-20532950.1596894,-13831877.217198456,9632091.050069926
394500.0,-20568276.53199658,-13897236.533829853,9461037.288148513
394560.0,-20602989.32414708,-13961491.644873697,9289259.191114007
394620.0,-20637076.879545808,-14024644.275881097,9116769.906419303
394680.0,-20670527.593271032,-14086696.31740819,8943582.636111109
394740.0,-20703329.914183818,-14147649.824448321,8769710.635821115
394800.0,-20735472.34702938,-14207507.015836807,8595167.21375253
394860.0,-20766943.45453009,-14266270.273627479,8419965.72966266
394920.0,-20797731.859469622,-14323942.142441452,8244119.593841634
394980.0,-20827826.246767607,-14380525.328788992,8067642.266086799
395040.0,-20857215.365544774,-14436022.700363535,7890547.254673827
395100.0,-20885888.031178236,-14490437.285308424,7712848.115323682
395160.0,-20913833.12734645,-14543772.271456618,7534558.450165643
395220.0,-20941039.60806338,-14596031.005543228,7355691.9066974055
395280.0,-20967496.499701522,-14647216.992391735,7176262.176740958
395340.0,-20993192.90300396,-14697333.89407243,6996282.995395435
395400.0,-21018117.99508438,-14746385.52903521,6815768.139986363
395460.0,-21042261.03141483,-14794375.871215701,6634731.429011689
395520.0,-21065611.347801525,-14841309.049114836,6453186.721084639
395580.0,-21088158.362347618,-14887189.344852353,6271147.913873341
395640.0,-21109891.577402845,-14932021.193194786,6088628.943037252
395700.0,-21130800.581499588,-14975809.180557279,5905643.781161173
395760.0,-21150875.05127567,-15018558.043979693,5722206.436685709
395820.0,-21170104.753382415,-15060272.670077797,5538330.952835066
395880.0,-21188479.546378575,-15100958.093968667,5354031.406542756
395940.0,-21205989.382609364,-15140619.498171605,5169321.907373555
396000.0,-21222624.31007065,-15179262.21148345,4984216.59644389
396060.0,-21238374.47425735,-15216891.707829894,4798729.645339184
396120.0,-21253230.119996127,-15253513.605092235,4612875.2550290385
396180.0,-21267181.593262166,-15289133.6639097,4426667.654779909
396240.0,-21280219.342979647,-15323757.786457555,4240121.101065754
396300.0,-21292333.922805246,-15357392.01520165,4053249.876476611
396360.0,-21303515.99289454,-15390042.531629767,3866068.2886246815
396420.0,-21313756.321651615,-15421715.65495856,3678590.669048846
396480.0,-21323045.78746052,-15452417.840818139,3490831.3721171394
396540.0,-21331375.380398933,-15482155.679913623,3302804.7739275224
396600.0,-21338736.203933675,-15510935.89666374,3114525.2712067105
396660.0,-21345119.476597793,-15538765.347816935,2926007.2802075814
396720.0,-21350516.53364857,-15565651.02104561,2737265.235604829
396780.0,-21354918.828706414,-15591600.033518316,2548313.5893894816
396840.0,-21358317.935374796,-15616619.630449736,2359166.8097616485
396900.0,-21360705.548839986,-15640717.18362987,2169839.380022096
396960.0,-21362073.487451065,-15663900.18993164,1980345.7974629744
397020.0,-21362413.694279604,-15686176.269797754,1790700.572256662
397080.0,-21361718.23865918,-15707553.165706413,1600918.2263443316
397140.0,-21359979.317703683,-15728038.740617113,1411013.2923231726
397200.0,-21357189.257804647,-15747640.976396352,1221000.3123327852
397260.0,-21353340.516107496,-15766367.97222301,1030893.8369408529
397320.0,-21348425.68196625,-15784227.942974279,840708.4240281172
397380.0,-21342437.47837609,-15801229.217592582,650458.6376725545
397440.0,-21335368.76338399,-15817380.237433353,460159.0470334529
397500.0,-21327212.531477407,-15832689.554593598,269824.2252347192
397560.0,-21317961.91494986,-15847165.830222731,79468.74824773779
397620.0,-21307610.185244013,-15860817.832814878,-110892.80622547225
397680.0,-21296150.754271537,-15873654.436483545,-301245.85987021204
397740.0,-21283577.17571025,-15885684.619218096,-491575.83487598866
397800.0,-21269883.146276984,-15896917.46112393,-681868.1550545434
397860.0,-21255062.50697719,-15907362.142645245,-872108.2469568009
397920.0,-21239109.244330693,-15917027.942770928,-1062281.5409904702
397980.0,-21222017.491573125,-15925924.237224467,-1252373.4725367287
398040.0,-21203781.529832765,-15934060.496638132,-1442369.4830671959
398100.0,-21184395.789283358,-15941446.28471083,-1632255.0212598145
398160.0,-21163854.850271884,-15948091.256350808,-1822015.5441146807
398220.0,-21142153.444421228,-15954005.155803693,-2011636.5180692747
398280.0,-21119286.455707856,-15959197.814765504,-2201103.42011251
398340.0,-21095248.92151405,-15963679.150481403,-2390401.7388987434
398400.0,-21070036.03365491,-15967459.163830055,-2579516.975860262
398460.0,-21043643.139379274,-15970547.937394733,-2768434.6463191425
398520.0,-21016065.742344625,-15972955.633521158,-2957140.280598132
398580.0,-20987299.50356658,-15974692.49236157,-3145619.4251302774
398640.0,-20957340.242341623,-15975768.829906715,-3333857.6435672427
398700.0,-20926183.937143356,-15976195.036005534,-3521840.517886638
398760.0,-20893826.726492666,-15975981.572372444,-3709553.6494976254
398820.0,-20860264.909800954,-15975138.970582996,-3896982.66034528
398880.0,-20825494.94818631,-15973677.83005866,-4084113.1940136
398940.0,-20789513.465262912,-15971608.816040363,-4270930.916826149
399000.0,-20752317.247903354,-15968942.657551192,-4457421.518945905
399060.0,-20713903.246973626,-15965690.14534915,-4643570.715472495
399120.0,-20674268.5780403,-15961862.129870262,-4829364.247538252
399180.0,-20633410.5220509,-15957469.519161552,-5014787.88340162
399240.0,-20591326.525986142,-15952523.276805084,-5199827.419539031
399300.0,-20548014.203484576,-15947034.41983333,-5384468.681734299
399360.0,-20503471.335438993,-15941014.016636282,-5568697.526166005
399420.0,-20457695.870565597,-15934473.184859661,-5752499.840492403
399480.0,-20410685.92594422,-15927423.089296488,-5935861.544933924
399540.0,-20362439.7875311,-15919874.93977033,-6118768.593353492
399600.0,-20312955.910642695,-15911839.989012426,-6301206.974333767
399660.0,-20262232.920411754,-15903329.530531429,-6483162.7122523105
399720.0,-20210269.612214748,-15894354.896477278,-6664621.86835329
399780.0,-20157064.952070136,-15884927.455499653,-6845570.541817468
399840.0,-20102618.077009223,-15875058.610599963,-7025994.870827862
399900.0,-20046928.295417443,-15864759.796978876,-7205881.033633762
399960.0,-19989995.087347243,-15854042.47987895,-7385215.249610827
400020.0,-19931818.10480194,-15842918.152423147,-7563983.780318362
400080.0,-19872397.171991214,-15831398.333448745,-7742172.930553415
400140.0,-19811732.28555733,-15819494.565338109,-7919769.049401289
400200.0,-19749823.614772353,-15807218.411846368,-8096758.531282995
400260.0,-19686671.501706697,-15794581.455925796,-8273127.816999035
400320.0,-19622276.461368665,-15781595.297547776,-8448863.394769631
400380.0,-19556639.181814753,-15768271.551522924,-8623951.80127138
400440.0,-19489760.52423078,-15754621.845319621,-8798379.622670218
400500.0,-19421641.522984505,-15740657.816880483,-8972133.49565051
400560.0,-19352283.385648634,-15726391.112438623,-9145200.108440373
400620.0,-19281687.492994905,-15711833.384333085,-9317566.201832827
400680.0,-19209855.398959044,-15696996.288824026,-9489218.570203265
400740.0,-19136788.830576986,-15681891.483907882,-9660144.062522441
400800.0,-19062489.687891368,-15666530.62713356,-9830329.58336565
400860.0,-18986960.04382938,-15650925.37341936,-9999762.09391722
400920.0,-18910202.14405159,-15635087.3728711,-10168428.612970928
400980.0,-18832218.406771492,-15619028.268601984,-10336316.217926137
401040.0,-18753011.422546443,-15602759.694554608,-10503412.045778912
401100.0,-18672583.954038847,-15586293.273325779,-10669703.294109216
401160.0,-18590938.93574949,-15569640.613993306,-10835177.222062897
401220.0,-18508079.473721135,-15552813.309946839,-10999821.151329312
401280.0,-18424008.845213518,-15535822.936722059,-11163622.467113962
401340.0,-18338730.498349667,-15518681.049838692,-11326568.619106306
401400.0,-18252248.05173343,-15501399.182642873,-11488647.122442752
401460.0,-18164565.294038426,-15483988.84415437,-11649845.558664229
401520.0,-18075686.183567915,-15466461.516919091,-11810151.576669198
401580.0,-17985614.847786702,-15448828.654866755,-11969552.893661069
401640.0,-17894355.582824685,-15431101.681174047,-12128037.29609056
401700.0,-17801912.85295102,-15413291.986135278,-12285592.640592791
401760.0,-17708291.290021244,-15395410.925038263,-12442206.854918675
401820.0,-17613495.692895517,-15377469.816047737,-12597867.938861286
401880.0,-17517531.02682875,-15359479.93809621,-12752563.965176497
401940.0,-17420402.422833137,-15341452.528782386,-12906283.080497665
402000.0,-17322115.177012105,-15323398.782277683,-13059013.506245464
402060.0,-17222674.749867354,-15305329.847240902,-13210743.539531142
402120.0,-17122086.765577752,-15287256.824742045,-13361461.554054296
402180.0,-17020357.011250217,-15269190.76619545,-13511156.000995064
402240.0,-16917491.43614432,-15251142.671301626,-13659815.409899736
402300.0,-16813496.15086859,-15233123.485999815,-13807428.389560943
402360.0,-16708377.426550098,-15215144.100430433,-13953983.6288913
402420.0,-16602141.693976767,-15197215.346908111,-14099469.897791378
402480.0,-16494795.542713448,-15179347.997905415,-14243876.048010852
402540.0,-16386345.720190492,-15161552.764048282,-14387191.014003888
402600.0,-16276799.130765855,-15143840.292123057,-14529403.813778087
402660.0,-16166162.834761454,-15126221.163095169,-14670503.549736546
402720.0,-16054444.04747272,-15108705.890140042,-14810479.40951421
402780.0,-15941650.138151914,-15091304.916687531,-14949320.66680695
402840.0,-15827788.628965862,-15074028.61447845,-15087016.682194568
402900.0,-15712867.193928111,-15056887.281634677,-15223556.903956797
402960.0,-15596893.657805001,-15039891.140743181,-15358930.868882796
403020.0,-15479875.994996734,-15023050.33695399,-15493128.203073598
403080.0,-15361822.328393154,-15006374.936092328,-15626138.62273791
403140.0,-15242740.928204665,-14989874.922785435,-15757951.93498098
403200.0,-15122640.210768018,-14973560.198604621,-15888558.038586453
403260.0,-15001528.737327822,-14957440.58022257,-16017946.924790988
403320.0,-14879415.212793674,-14941525.797585972,-16146108.678052178
403380.0,-14756308.484472811,-14925825.49210452,-16273033.476809029
403440.0,-14632217.540779121,-14910349.214856062,-16398711.594235219
403500.0,-14507151.509918075,-14895106.424808294,-16523133.39898531
403560.0,-14381119.658548733,-14880106.48705716,-16646289.355933325
403620.0,-14254131.390421722,-14865358.671082832,-16768170.026904259
403680.0,-14126196.24499449,-14850872.14902309,-16888766.071397904
403740.0,-13997323.896023802,-14836655.993964376,-17008068.247305285
403800.0,-13867524.150135713,-14822719.178250741,-17126067.411617633
403860.0,-13736806.945372768,-14809070.571811937,-17242754.521127447
403920.0,-13605182.349719454,-14795718.940509487,-17358120.633122306
403980.0,-13472660.559605936,-14782672.944501858,-17472156.90607063
404040.0,-13339251.898389647,-14769941.13662919,-17584854.600299973
404100.0,-13204966.81481595,-14757531.960817419,-17696205.07866725
404160.0,-13069815.881457694,-14745453.750502083,-17806199.80722118
404220.0,-12933809.793133818,-14733714.727072317,-17914830.355856966
404280.0,-12796959.365307612,-14722322.99833524,-18022088.39896273
404340.0,-12659275.532464208,-14711286.55700113,-18127965.71605818
404400.0,-12520769.346468613,-14700613.279189114,-18232454.192425206
404460.0,-12381451.974904103,-14690310.92295423,-18335545.81973002
404520.0,-12241334.69939022,-14680387.126836125,-18437232.696637705
404580.0,-12100428.9138828,-14670849.408429,-18537507.029418036
404640.0,-11958746.122954443,-14661705.162973663,-18636361.132543437
404700.0,-11816297.940056615,-14652961.661971759,-18733787.42927835
404760.0,-11673096.085763283,-14644626.051822476,-18829778.452260457
404820.0,-11529152.385996636,-14636705.352481782,-18924326.844073474
404880.0,-11384478.770235606,-14629206.45614425,-19017425.357811514
404940.0,-11239087.26970619,-14622136.125948701,-19109066.857634816
405000.0,-11092990.015554957,-14615500.994706571,-19199244.319317367
405060.0,-10946199.237006515,-14609307.56365386,-19287950.83078548
405120.0,-10798727.259503407,-14603562.20122715,-19375179.592648175
405180.0,-10650586.502830677,-14598271.141863452,-19460923.918718655
405240.0,-10501789.479224078,-14593440.484824184,-19545177.23652732
405300.0,-10352348.79146356,-14589076.193043457,-19627933.087825827
405360.0,-10202277.130950626,-14585184.092001218,-19709185.129082687
405420.0,-10051587.275771264,-14581769.868621128,-19788927.131969873
405480.0,-9900292.088744888,-14578839.070193041,-19867152.983840566
405540.0,-9748404.515458139,-14576397.103321165,-19943856.68819828
405600.0,-9595937.582285484,-14574449.232897308,-20019032.3651568
405660.0,-9442904.394396001,-14573000.58109971,-20092674.251891416
405720.0,-9289318.133747425,-14572056.12641743,-20164776.70308103
405780.0,-9135192.057066781,-14571620.702700846,-20235334.19134139
405840.0,-8980539.493818685,-14571698.99823815,-20304341.307649214
405900.0,-8825373.844161773,-14572295.554857934,-20371792.76175725
405960.0,-8669708.57689341,-14573414.767057974,-20437683.382600274
406020.0,-8513557.227382129,-14575060.881161114,-20502008.118691962
406080.0,-8356933.395489946,-14577237.994497163,-20564762.03851254
406140.0,-8199850.743483276,-14579950.054611925,-20625940.330887396
406200.0,-8042322.993934124,-14583200.858503027,-20685538.305356245
406260.0,-7884363.927610241,-14586994.051883034,-20743551.39253328
406320.0,-7725987.381356554,-14591333.128469536,-20799975.144457936
406380.0,-7567207.2459669495,-14596221.42930256,-20854805.23493634
406440.0,-7408037.464046891,-14601662.1420896,-20908037.459873527
406500.0,-7248492.027867452,-14607658.30057817,-20959667.737596255
406560.0,-7088584.9772118535,-14614212.78395578,-21009692.10916637
406620.0,-6928330.397213027,-14621328.316278009,-21058106.738684967
406680.0,-6767742.416184467,-14629007.465924304,-21104907.913586933
406740.0,-6606835.203443513,-14637252.645081747,-21150092.0449262
406800.0,-6445622.967128519,-14646066.109256819,-21193655.667651393
406860.0,-6284119.952008861,-14655449.956815433,-21235595.44087214
406920.0,-6122340.437289322,-14665406.12855117,-21275908.148115754
406980.0,-5960298.734408718,-14675936.407281816,-21314590.697574474
407040.0,-5798009.184833721,-14687042.417474031,-21351640.122343145
407100.0,-5635486.157847046,-14698725.624896923,-21387053.580647245
407160.0,-5472744.048331359,-14710987.3363038,-21420828.35606153
407220.0,-5309797.2745496305,-14723828.699142445,-21452961.857718877
407280.0,-5146660.275921091,-14737250.701294146,-21483451.620509617
407340.0,-4983347.510793611,-14751254.170841452,-21512295.3052713
407400.0,-4819873.454213986,-14765839.775864365,-21539490.698968638
407460.0,-4656252.595694862,-14781008.024265435,-21565035.71486398
407520.0,-4492499.436979651,-14796759.263623621,-21588928.39267801
407580.0,-4328628.489805253,-14813093.681076966,-21611166.898740847
407640.0,-4164654.2736640405,-14830011.303233907,-21631749.526133318
407700.0,-4000591.3135641813,-14847511.996113608,-21650674.694818687
407760.0,-3836454.1377889584,-14865595.465115104,-21667940.951764558
407820.0,-3672257.2756564613,-14884261.255015215,-21683546.971055128
407880.0,-3508015.2552791806,-14903508.749995295,-21697491.55399364
407940.0,-3343742.601323339,-14923337.173696952,-21709773.629195146
408000.0,-3179453.832769791,-14943745.589306522,-21720392.252669528
408060.0,-3015163.4606756433,-14964732.899668382,-21729346.607894715
408120.0,-2850885.9859381644,-14986297.84742695,-21736636.005880184
408180.0,-2686635.897059167,-15008439.01519778,-21742259.88522071
408240.0,-2522427.6679132315,-15031154.825767078,-21746217.81214031
408300.0,-2358275.7555179466,-15054443.542320086,-21748509.480526384
408360.0,-2194194.5978073822,-15078303.268698152,-21749134.711954225
408420.0,-2030198.611408401,-15102731.949684452,-21748093.45570153
408480.0,-1866302.1894220314,-15127727.371318245,-21745385.788753368
408540.0,-1702519.6992078372,-15153287.1612377,-21741011.915797167
408600.0,-1538865.4801739487,-15179408.789051168,-21734972.16920807
408660.0,-1375353.8415707657,-15206089.566736998,-21727267.009024408
408720.0,-1211999.0602913718,-15233326.649071515,-21717897.02291347
408780.0,-1048815.3786767656,-15261117.034085399,-21706862.92612745
408840.0,-885817.0023274699,-15289457.563548248,-21694165.561449643
408900.0,-723018.0979213517,-15318344.923481252,-21679805.899130855
408960.0,-560432.7910390003,-15347775.644697828,-21663785.036816098
409020.0,-398075.16399538936,-15377746.103372313,-21646104.19946145
409080.0,-235959.2536794874,-15408252.521636415,-21626764.739241213
409140.0,-74099.0494017289,-15439290.968203435,-21605768.135445323
409200.0,87491.50924942642,-15470857.359020058,-21583115.99436699
409260.0,248798.53454392636,-15502947.45794579,-21558810.049180653
409320.0,409808.1927360599,-15535556.877459655,-21532852.159810167
409380.0,570506.7061815839,-15568681.079394283,-21505244.312787298
409440.0,730880.3554451433,-15602315.375697123,-21475988.6211005
409500.0,890915.4813974034,-15636454.929218624,-21445087.324034046
409560.0,1050598.4873019797,-15671094.754527416,-21412542.78699742
409620.0,1209915.8408911768,-15706229.718752148,-21378357.50134506
409680.0,1368854.076430698,-15741854.542449964,-21342534.08418648
409740.0,1527399.7967734332,-15777963.800501488,-21305075.278186698
409800.0,1685539.6754002115,-15814551.923032014,-21265983.951357048
409860.0,1843260.458449244,-15851613.196358941,-21225263.096836463
409920.0,2000548.9667329509,-15889141.76396512,-21182915.832663022
409980.0,2157392.09774134,-15927131.627498023,-21138945.401536044
410040.0,2313776.827632703,-15965576.647794655,-21093355.17056853
410100.0,2469690.213210388,-16004470.5459318,-21046148.631030116
410160.0,2625119.3938859194,-16043806.9043016,-20997329.39808052
410220.0,2780051.59362782,-16083579.167712279,-20946901.210493393
410280.0,2934474.122895235,-16123780.644513791,-20894867.930370804
410340.0,3088374.380557889,-16164404.50774805,-20841233.542848174
410400.0,3241739.855799811,-16205443.796323856,-20786002.155789796
410460.0,3394558.1300076116,-16246891.416216057,-20729177.999474976
410520.0,3546816.878643198,-16288740.14168882,-20670765.42627471
410580.0,3698503.873100429,-16330982.616542801,-20610768.910319023
410640.0,3849606.982544682,-16373611.355386043,-20549193.047155
410700.0,4000114.1757358685,-16416618.74492832,-20486042.55339542
410760.0,4150013.522834614,-16459997.04529877,-20421322.26635816
410820.0,4299293.197190731,-16503738.391386377,-20355037.143696263
410880.0,4447941.477113589,-16547834.794203503,-20287192.263018917
410940.0,4595946.747625386,-16592278.142271804,-20217792.821502913
411000.0,4743297.50219507,-16637060.203030434,-20146844.135495342
411060.0,4889982.3444543155,-16682172.624266427,-20074351.64010679
411120.0,5035989.989894228,-16727606.935566902,-20000320.888795532
411180.0,5181309.267542793,-16773354.549792731,-19924757.552942708
411240.0,5325929.121623558,-16819406.76457362,-19847667.421418265
411300.0,5469838.613193193,-16865754.763824232,-19769056.400138076
411360.0,5613026.921760131,-16912389.61928112,-19688930.511611927
411420.0,5755483.346882735,-16959302.29206015,-19607295.8944825
411480.0,5897197.309746238,-17006483.634234216,-19524158.80305565
411540.0,6038158.354719428,-17053924.390431024,-19439525.60682151
411600.0,6178356.150889779,-17101615.199450493,-19353402.789966963
411660.0,6317780.49357777,-17149546.59590158,-19265796.95087918
411720.0,6456421.305828949,-17197709.01185835,-19176714.801640384
411780.0,6594268.639884227,-17246092.77853492,-19086163.167513933
411840.0,6731312.678628214,-17294688.127978913,-18994148.986421663
411900.0,6867543.737015383,-17343485.194783155,-18900679.308412485
411960.0,7002952.263472789,-17392474.017815575,-18805761.29512252
412020.0,7137528.841280752,-17441644.541966617,-18709402.219226453
412080.0,7271264.189929901,-17490986.619914003,-18611609.46388064
412140.0,7404149.166455482,-17540490.013904776,-18512390.52215723
412200.0,7536174.766747059,-17590144.39755404,-18411752.996470418
412260.0,7667332.126835564,-17639939.3576601,-18309704.59799377
412320.0,7797612.524155751,-17689864.396035723,-18206253.146069527
412380.0,7927007.378784395,-17739908.931355502,-18101406.567609377
412440.0,8055508.254654349,-17790062.301018465,-17995172.896487016
412500.0,8183106.86074389,-17840313.763025913,-17887560.272922497
412560.0,8309795.05224122,-17890652.49787426,-17778576.942858297
412620.0,8435564.831683496,-17941067.610462368,-17668231.257327463
412680.0,8560408.350071542,-17991548.13201307,-17556531.671813317
412740.0,8684317.907958597,-18042083.022008494,-17443486.74560139
412800.0,8807285.956513427,-18092661.17013908,-17329105.141123343
412860.0,8929305.098557623,-18143271.398265816,-17213395.62329281
412920.0,9050368.089577505,-18193902.462395217,-17096367.05883336
412980.0,9170467.838709358,-18244543.054666787,-16978028.415598802
413040.0,9289597.40969859,-18295181.80535297,-16858388.761885386
413100.0,9407750.021832272,-18345807.28487066,-16737457.265736599
413160.0,9524919.050845588,-18396408.005804177,-16615243.194240008
413220.0,9641098.029801026,-18446972.424939595,-16491755.912816629
413280.0,9756280.649940712,-18497488.945309773,-16367004.884502564
413340.0,9870460.761511927,-18547945.91824979,-16240999.669223346
413400.0,9983632.374565696,-18598331.64546228,-16113749.923060503
413460.0,10095789.659727149,-18648634.38109293,-15985265.397511061
413520.0,10206926.948939353,-18698842.33381498,-15855555.938739387
413580.0,10317038.736179508,-18748943.668922704,-15724631.486821825
413640.0,10426119.67814682,-18798926.51043375,-15592502.074984243
413700.0,10534164.594923113,-18848778.9431997,-15459177.828832135
413760.0,10641168.470605459,-18898489.01502441,-15324668.965573762
413820.0,10747126.453910714,-18948044.73878988,-15188985.793236313
413880.0,10852033.858752195,-18997434.094589464,-15052138.709874725
413940.0,10955886.164787553,-19046645.031867824,-14914138.202773906
414000.0,11058679.017938834,-19095665.471567243,-14774994.847644018
414060.0,11160408.230884597,-19144483.308279905,-14634719.307808613
414120.0,11261069.783522189,-19193086.41240619,-14493322.333386555
414180.0,11360659.82340298,-19241462.632317983,-14350814.760466682
414240.0,11459174.666138202,-19289599.79652694,-14207207.510276267
414300.0,11556610.795776242,-19337485.715857405,-14062511.588342672
414360.0,11652964.865151145,-19385108.185623605,-13916738.08364853
414420.0,11748233.696202457,-19432454.98781047,-13769898.16778062
414480.0,11842414.280266402,-19479513.893257767,-13622003.094072137
414540.0,11935503.778337847,-19526272.663847595,-13473064.196738917
414600.0,12027499.521302996,-19572719.054694597,-13323092.89000919
414660.0,12118399.010144522,-19618840.81633781,-13172100.667247202
414720.0,12208199.916116107,-19664625.69693514,-13020099.100071002
414780.0,12296900.080888527,-19710061.44445928,-12867099.837463656
414840.0,12384497.516667375,-19755135.80889417,-12713114.604879072
414900.0,12470990.406280786,-19799836.544432893,-12558155.20334145
414960.0,12556377.103238482,-19844151.41167567,-12402233.508539265
415020.0,12640656.131761976,-19888068.179827757,-12245361.469913183
415080.0,12723826.1867849,-19931574.628897443,-12087551.109738417
415140.0,12805886.133925598,-19974658.55189243,-11928814.522201627
415200.0,12886835.009429526,-20017307.75701577,-11769163.872471943
415260.0,12966672.020082526,-20059510.069860388,-11608611.395766778
415320.0,13045396.543096468,-20101253.33560081,-11447169.396412052
415380.0,13123008.125964407,-20142525.421183445,-11284850.246897236
415440.0,13199506.486287005,-20183314.21751421,-11121666.386924997
415500.0,13274891.51157106,-20223607.64164225,-10957630.322455827
415560.0,13349163.258998187,-20263393.638941083,-10792754.624747267
415620.0,13422321.95516414,-20302660.18528596,-10627051.929388585
415680.0,13494367.995791331,-20341395.2892261,-10460534.935329763
415740.0,13565301.945410265,-20379586.99415345,-10293216.40390654
415800.0,13635124.537014002,-20417223.380465925,-10125109.15785963
415860.0,13703836.67168311,-20454292.567725312,-9956226.080350045
415920.0,13771439.418181935,-20490782.716810092,-9786580.113969253
415980.0,13837934.012527544,-20526682.032061107,-9616184.259744974
416040.0,13903321.85752906,-20561978.7634217,-9445051.576142408
416100.0,13967604.522298738,-20596661.208571043,-9273195.17806095
416160.0,14030783.741735928,-20630717.715049457,-9100628.235826794
416220.0,14092861.415981788,-20664136.68237696,-8927363.974181037
416280.0,14153839.609845977,-20696906.56416396,-8753415.67126355
416340.0,14213720.552206382,-20729015.870212816,-8578796.657593181
416400.0,14272506.635380125,-20760453.168611623,-8403520.31504326
416460.0,14330200.414467078,-20791207.08781857,-8227600.075813679
416520.0,14386804.606666127,-20821266.3187369,-8051049.421398822
416580.0,14442322.090562977,-20850619.616780628,-7873881.881551878
416640.0,14496755.90539233,-20879255.803929146,-7696111.033245251
416700.0,14550109.250271324,-20907163.770772297,-7517750.499627515
416760.0,14602385.483405996,-20934332.478544623,-7338813.948976739
416820.0,14653588.121272195,-20960750.96114752,-7159315.09365025
416880.0,14703720.837768324,-20986408.32716082,-6979267.689031123
416940.0,14752787.46334124,-21011293.761842534,-6798685.532471577
417000.0,14800791.9840875,-21035396.52911534,-6617582.462232568
417060.0,14847738.540826302,-21058705.973541684,-6435972.356420853
417120.0,14893631.42814736,-21081211.522285342,-6253869.131922583
417180.0,14938475.093432598,-21102902.68705979,-6071286.743334163
417240.0,14982274.135851327,-21123769.06606354,-5888239.181890147
417300.0,15025033.305331422,-21143800.345900435,-5704740.474388241
417360.0,15066757.501503557,-21162986.303486653,-5520804.682111643
417420.0,15107451.772620121,-21181316.807943176,-5336445.899748897
417480.0,15147121.314450702,-21198781.822472293,-5151678.25431082
417540.0,15185771.469150912,-21215371.406219944,-4966515.904045505
417600.0,15223407.724107042,-21231075.71612233,-4780973.0373502765
417660.0,15260035.710757049,-21245885.00873585,-4595063.871682048
417720.0,15295661.203386547,-21259789.642051604,-4408802.652464747
417780.0,15330290.117900092,-21272780.077293564,-4222203.651995319
417840.0,15363928.510570554,-21284846.88069874,-4035281.1683470765
417900.0,15396582.576763012,-21295980.7252815,-3848049.524271534
417960.0,15428258.6496362,-21306172.392579652,-3660523.0660980763
418020.0,15458963.198820643,-21315412.774382968,-3472716.162632078
418080.0,15488702.829073422,-21323692.87444402,-3284643.204050931
418140.0,15517484.278911276,-21331003.81016975,-3096318.6007990874
418200.0,15545314.419220302,-21337336.814295243,-2907756.7824810427
418260.0,15572200.251843372,-21342683.236538544,-2718972.196752973
418320.0,15598148.908146858,-21347034.545235325,-2529979.308213173
418380.0,15623167.64756434,-21350382.328954987,-2340792.597291127
418440.0,15647263.85611889,-21352718.29809699,-2151426.5591354724
418500.0,15670445.044925524,-21354034.286466043,-1961895.7025007268
418560.0,15692718.84867129,-21354322.25282812,-1772214.54863306
418620.0,15714093.024075292,-21353574.282445274,-1582397.6301553121
418680.0,15734575.448328568,-21351782.5885895,-1392459.4899508238
418740.0,15754174.117512783,-21348939.514036153,-1202414.6800470299
418800.0,15772897.145001007,-21345037.532534655,-1012277.7604978172
418860.0,15790752.759837247,-21340069.250258632,-822063.2982657353
418920.0,15807749.305096883,-21334027.407234147,-631785.8661035395
418980.0,15823895.236229448,-21326904.87874465,-441460.0414353803
419040.0,15839199.11938137,-21318694.676714644,-251100.40523764145
419100.0,15853669.629700318,-21309389.951070584,-60721.54091963961
419160.0,15867315.54962284,-21298983.991077915,129661.9667959538
419220.0,15880145.767142601,-21287470.226656158,320035.53299249226
419280.0,15892169.27406215,-21274842.229669884,510384.57367916394
419340.0,15903395.164227089,-21261093.715196382,700694.5069099996
419400.0,15913832.631743012,-21246218.54276985,890950.7539032814
419460.0,15923490.969177185,-21230210.71760051,1081138.740160361
419520.0,15932379.565742658,-21213064.39177059,1271243.8965840666
419580.0,15940507.9054665,-21194773.86540567,1461251.6605968294
419640.0,15947885.565343732,-21175333.587820552,1651147.477258045
419700.0,15954522.213474706,-21154738.15864116,1840916.8003809778
419760.0,15960427.607187305,-21132982.32890155,2030545.0936485725
419820.0,15965611.591146253,-21110061.002114452,2220017.831729033
419880.0,15970084.095446488,-21085969.235317532,2409320.5013900436
419940.0,15973855.13369252,-21060702.240094133,2598438.60261191
420000.0,15976934.80106583,-21034255.383566983,2787357.6497001206
420060.0,15979333.272377204,-21006624.189367328,2976063.1723962408
420120.0,15981060.800106976,-20977804.338577125,3164540.716987849
420180.0,15982127.712432709,-20947791.670645144,3352775.847417056
420240.0,15982544.411243688,-20916582.18427711,3540754.1463873982
420300.0,15982321.370145353,-20884172.038297992,3728461.216469728
420360.0,15981469.13245041,-20850557.55248875,3915882.681205905
420420.0,15979998.309158968,-20815735.208396118,4103004.1862110873
420480.0,15977919.576929264,-20779701.650114045,4289811.400274569
420540.0,15975243.67603624,-20742453.68503947,4476290.016458077
420600.0,15971981.408320187,-20703988.28460039,4662425.75319262
420660.0,15968143.635126919,-20664302.58495558,4848204.355373219
420720.0,15963741.275237001,-20623393.887667883,5033611.595451537
420780.0,15958785.30278669,-20581259.66034923,5218633.27452623
420840.0,15953286.745180074,-20537897.537277926,5403255.223431043
420900.0,15947256.68099231,-20493305.31998847,5587463.303820667
420960.0,15940706.237866174,-20447480.977832332,5771243.409253973
421020.0,15933646.590399843,-20400422.64851161,5954581.466274856
421080.0,15926088.958027363,-20352128.638584398,6137463.435490488
421140.0,15918044.602893554,-20302597.423941035,6319875.312646633
421200.0,15909524.82772109,-20251827.65025286,6501803.129700388
421260.0,15900540.973671667,-20199818.133392345,6683232.955890288
421320.0,15891104.418202393,-20146567.859824095,6864150.898802888
421380.0,15881226.572915591,-20092075.986968007,7044543.1054367935
421440.0,15870918.881404411,-20036341.843533207,7224395.763263458
421500.0,15860192.81709296,-19979364.929823972,7403695.101284762
421560.0,15849059.88107355,-19921144.918015733,7582427.391087265
421620.0,15837531.599938735,-19861681.652403314,7760578.947893239
421680.0,15825619.523610733,-19800975.14961964,7938136.131608286
421740.0,15813335.223166723,-19739025.59882628,8115085.34786521
421800.0,15800690.288662966,-19675833.361873873,8291413.0490645
421860.0,15787696.32695526,-19611398.973434497,8467105.735411158
421920.0,15774364.959517442,-19545723.14110518,8642149.955947664
421980.0,15760707.8202595,-19478806.745481215,8816532.309583249
422040.0,15746736.553343214,-19410650.84020164,8990239.446119007
422100.0,15732462.81099705,-19341256.65196546,9163258.067269396
422160.0,15717898.251331732,-19270625.580518052,9335574.92767927
422220.0,15703054.536154421,-19198759.198609285,9507176.835937135
422280.0,15687943.328783903,-19125659.25192238,9678050.655583972
422340.0,15672576.291866334,-19051327.65897367,9848183.306117633
422400.0,15656965.085191602,-18975766.510983597,10017561.763993347
422460.0,15641121.363512244,-18898978.071717985,10186173.06361924
422520.0,15625056.774363127,-18820964.77730112,10354004.29834762
422580.0,15608782.955883294,-18741729.235999916,10521042.621461643
422640.0,15592311.53464156,-18661274.227978166,10687275.247157218
422700.0,15575654.123463921,-18579602.705022953,10852689.451520246
422760.0,15558822.319264257,-18496717.79024227,11017272.57349892
422820.0,15541827.70088001,-18412622.777732644,11181012.015871355
422880.0,15524681.82691054,-18327321.132219497,11343895.246207979
422940.0,15507396.233560614,-18240816.488668095,11505909.797828883
423000.0,15489982.43248887,-18153112.651865795,11667043.270756429
423060.0,15472451.908660688,-18064213.595976505,11827283.332662253
423120.0,15454816.118208002,-17974123.46406554,11986617.719809145
423180.0,15437086.486293957,-17882846.56759703,12145034.237987725
423240.0,15419274.404983787,-17790387.38590317,12302520.763447449
423300.0,15401391.231123682,-17696750.565624036,12459065.243822468
423360.0,15383448.284225453,-17601940.92012068,12614655.699051622
423420.0,15365456.844358746,-17505963.428859733,12769280.222293148
423480.0,15347428.15005206,-17408823.23676959,12922926.980833346
423540.0,15329373.396200793,-17310525.653569575,13075584.216989782
423600.0,15311303.731984548,-17211076.153070826,13227240.24900865
423660.0,15293230.258792493,-17110480.372450463,13377883.471955992
423720.0,15275164.028159339,-17008744.111496925,13527502.358603342
423780.0,15257116.039709585,-16905873.331829403,13676085.460307013
423840.0,15239097.239112552,-16801874.156089067,13823621.407881603
423900.0,15221118.5160469,-16696752.867104363,13970098.912466992
423960.0,15203190.702177148,-16590515.907027908,14115506.766389484
424020.0,15185324.569140088,-16483169.876447704,14259833.844016576
424080.0,15167530.82654247,-16374721.533472087,14403069.10260508
424140.0,15149820.119971663,-16265177.792786703,14545201.58314329
424200.0,15132203.029017149,-16154545.724686585,14686220.411186378
424260.0,15114690.065304572,-16042832.554081844,14826114.79768547
424320.0,15097291.670543412,-15930045.65947672,14964874.039809804
424380.0,15080018.214586768,-15816192.57192354,15102487.521762663
424440.0,15062879.99350499,-15701280.973950945,15238944.7155902
424500.0,15045887.227673138,-15585318.698466279,15374235.181983758
424560.0,15029050.059871994,-15468313.72763367,15508348.57107522
424620.0,15012378.553404547,-15350274.19172559,15641274.623225559
424680.0,14995882.69022618,-15231208.36795101,15773003.16980621
424740.0,14979572.369090062,-15111124.679258376,15903524.133973772
424800.0,14963457.403708816,-14990031.693113504,16032827.531437397
424860.0,14947547.520930909,-14867938.12025408,16160903.471219143
424920.0,14931852.358933063,-14744852.813420244,16287742.156407047
424980.0,14916381.465430059,-14620784.766060105,16413333.88490117
425040.0,14901144.29589996,-14495743.111013148,16537669.05015208
425100.0,14886150.211826922,-14369737.11916931,16660738.141892198
425160.0,14871408.478961252,-14242776.198105194,16782531.746859677
425220.0,14856928.265596494,-14114869.890697673,16903040.54951483
425280.0,14842718.640865328,-13986027.873714037,17022255.332748972
425340.0,14828788.573052786,-13856259.95638044,17140166.97858581
425400.0,14815146.927927893,-13725576.078928076,17256766.46887521
425460.0,14801802.467094893,-13593986.311116789,17372044.885979187
425520.0,14788763.846362611,-13461500.85073746,17485993.413450375
425580.0,14776039.614133157,-13328130.022093464,17598603.336702507
425640.0,14763638.209811028,-13193884.27445941,17709866.043673348
425700.0,14751567.962231074,-13058774.180520635,17819773.025479455
425760.0,14739837.088107219,-12922810.434790857,17928315.87706331
425820.0,14728453.69050101,-12786003.852010239,18035486.29783241
425880.0,14717425.757311612,-12648365.365522679,18141276.09229013
425940.0,14706761.159786005,-12509906.025633529,18245677.170658953
426000.0,14696467.651050724,-12370636.997947756,18348681.54949527
426060.0,14686552.864664583,-12230569.561689155,18450281.352296147
426120.0,14677024.313193893,-12089715.107999641,18550468.81009795
426180.0,14667889.386808883,-11948085.13822059,18649236.262066685
426240.0,14659155.351902246,-11805691.262155892,18746576.156080108
426300.0,14650829.349730803,-11662545.196316095,18842481.049301427
426360.0,14642918.395079175,-11518658.76214515,18936943.60874482
426420.0,14635429.374946173,-11374043.884230196,19029956.6118324
426480.0,14628369.047255162,-11228712.588492814,19121512.946942803
426540.0,14621744.039586801,-11082677.000364553,19211605.613951303
426600.0,14615560.847935785,-10935949.342945369,19300227.72476139
426660.0,14609825.835491363,-10788541.935145563,19387372.5038278
426720.0,14604545.231441371,-10640467.189812401,19473033.288671006
426780.0,14599725.129801229,-10491737.611840092,19557203.530382954
426840.0,14595371.488266597,-10342365.79626525,19639876.79412425
426900.0,14591490.127090666,-10192364.426347189,19721046.75961264
426960.0,14588086.727986759,-10041746.27163312,19800707.22160256
427020.0,14585166.83305537,-9890524.18600911,19878852.090356275
427080.0,14582735.843736218,-9738711.105737709,19955475.39210585
427140.0,14580799.019786296,-9586320.047480708,20030571.269506454
427200.0,14579361.478282763,-9433364.106309291,20104133.98208081
427260.0,14578428.192651726,-9279856.453701146,20176157.906654604
427320.0,14578003.991723023,-9125810.335524352,20246637.53778319
427380.0,14578093.558810486,-8971239.070009883,20315567.48816902
427440.0,14578701.430819182,-8816156.045710701,20382942.489070363
427500.0,14579831.997378232,-8660574.719450468,20448757.390700784
427560.0,14581489.50000024,-8504508.614260573,20513007.16261975
427620.0,14583678.031267747,-8347971.31730546,20575686.894113973
427680.0,14586401.534045935,-8190976.477798564,20636791.794569723
427740.0,14589663.800722253,-8033537.804907309,20696317.19383603
427800.0,14593468.472473528,-7875669.065647803,20754258.54257871
427860.0,14597819.038559671,-7717384.082770839,20810611.412625156
427920.0,14602718.835644914,-7558696.732638213,20865371.49729991
427980.0,14608171.047146209,-7399620.943090446,20918534.611751087
428040.0,14614178.702609565,-7240170.691305623,20970096.693267416
428100.0,14620744.677113488,-7080360.001650548,21020053.8015861
428160.0,14627871.690700399,-6920202.943523889,21068402.119191285
428220.0,14635562.307835642,-6759713.629192385,21115137.951603264
428280.0,14643818.936894732,-6598906.211619375,21160257.727658253
428340.0,14652643.829678288,-6437794.882286965,21203757.999778915
428400.0,14662039.080954947,-6276393.869012534,21245635.444235343
428460.0,14672006.628032897,-6114717.433758009,21285886.861396812
428520.0,14682548.250359138,-5952779.870434808,21324509.175973922
428580.0,14693665.569147123,-5790595.502703403,21361499.437251426
428640.0,14705360.047033114,-5628178.681767211,21396854.819311563
428700.0,14717632.987760477,-5465543.784163243,21430572.621247888
428760.0,14730485.535892693,-5302705.209548109,21462650.26736963
428820.0,14743918.676554939,-5139677.378480131,21493085.307396576
428880.0,14757933.235203894,-4976474.730199074,21521875.416644346
428940.0,14772529.877426704,-4813111.72040168,21549018.396200266
429000.0,14787709.1087681,-4649602.819015525,21574512.17308955
429060.0,14803471.274586245,-4485962.507971123,21598354.800432034
429120.0,14819816.559937648,-4322205.278970598,21620544.457589302
429180.0,14836744.989490364,-4158345.6312566837,21641079.45030223
429240.0,14854256.427466026,-3994398.069380049,21659958.21081894
429300.0,14872350.577610852,-3830377.1009653127,21677179.29801315
429360.0,14891026.983195111,-3666297.234478006,21692741.397492964
429420.0,14910285.027041486,-3502172.9769904525,21706643.321699977
429480.0,14930123.93158213,-3338018.831949139,21718884.00999881
429540.0,14950542.758944385,-3173849.296942495,21729462.528756987
429600.0,14971540.411065483,-3009678.861469349,21738378.07141521
429660.0,14993115.629835652,-2845522.0047099586,21745629.958547983
429720.0,15015266.997269938,-2681393.193298867,21751217.63791456
429780.0,15037992.935708934,-2517306.8790991474,21755140.68450031
429840.0,15061291.70804779,-2353277.4969805577,21757398.80054838
429900.0,15085161.417993955,-2189319.4626006004,21757991.815581705
429960.0,15109600.010353515,-2025447.170188336,21756919.686415464
430020.0,15134605.271345899,-1861674.990332584,21754182.49715971
430080.0,15160174.828947032,-1698017.267774715,21749780.45921251
430140.0,15186306.15326087,-1534488.319205666,21743713.911243334
430200.0,15212996.556919303,-1371102.431067548,21735983.319166835
430260.0,15240243.195510209,-1207873.8573614154,21726589.276106957
430320.0,15268043.068033753,-1044816.8174599891,21715532.502351426
430380.0,15296393.017386649,-881945.4939275295,21702813.845296532
430440.0,15325289.730874607,-719274.0303448718,21688434.279382396
430500.0,15354729.74075257,-556816.5291420361,21672394.906018443
430560.0,15384709.424792824,-394587.04943838855,21654696.953499377
430620.0,15415225.006880825,-232599.60488932813,21635341.776911467
430680.0,15446272.557638632,-70868.16154179908,21614330.858029205
430740.0,15477847.995075935,90593.36430188036,21591665.80520245
430800.0,15509947.085268456,251771.1082126191,21567348.353233833
430860.0,15542565.443063598,412651.2597527588,21541380.363246683
430920.0,15575698.532813305,573220.0645857444,21513763.82254329
430980.0,15609341.669134052,733463.8265759819,21484500.844453692
431040.0,15643490.017693602,893368.909877921,21453593.66817478
431100.0,15678138.596024653,1052921.7410159772,21421044.65859997
431160.0,15713282.274365125,1212108.8109528013,21386856.306139223
431220.0,15748915.77652493,1370916.6771458755,21351031.226529684
431280.0,15785033.68077904,1529331.9655941548,21313572.16063665
431340.0,15821630.420786863,1687341.3728716956,21274481.974245176
431400.0,15858700.286537658,1844931.6681490964,21233763.657842126
431460.0,15896237.425321676,2002089.6952033504,21191420.32638878
431520.0,15934235.842727246,2158802.3744140198,21147455.219083965
431580.0,15972689.4036632,2315056.7047462394,21101871.69911783
431640.0,16011591.833406813,2470839.7657207483,21054673.25341614
431700.0,16050936.718676906,2626138.7193691744,21005863.49237516
431760.0,16090717.508731898,2780940.8121765736,20955446.14958721
431820.0,16130927.51649266,2935233.3770077005,20903425.081556894
431880.0,16171559.919690207,3089003.835019364,20849804.267407898
431940.0,16212607.762037488,3242239.6975580277,20794587.808580544
